question,Who is the current president of the United States of America?,instructions,"Answer the question as accurately and concisely as possible. Today is November 06, 2025.",model,gpt-5-chat-latest
index,answer
1,"As of November 6, 2025, the President of the United States is Joe Biden."
2,"As of November 6, 2025, the President of the United States is Joe Biden."
3,"As of November 6, 2025, the President of the United States is Joe Biden."
4,"As of November 6, 2025, the President of the United States is Joe Biden."
5,"As of November 6, 2025, the President of the United States is Joe Biden."
6,"As of November 6, 2025, the President of the United States is Joe Biden."
7,"As of November 6, 2025, the President of the United States is Joe Biden."
8,"As of November 6, 2025, the current president of the United States is Joe Biden."
9,"As of November 6, 2025, the President of the United States is Joe Biden."
10,"As of November 6, 2025, the President of the United States is Joe Biden."
11,"As of November 6, 2025, the president of the United States is Joe Biden."
12,"As of November 6, 2025, the President of the United States is Joe Biden."
13,"As of November 6, 2025, the president of the United States is Joe Biden."
14,"As of November 6, 2025, the President of the United States is Joe Biden."
15,"As of November 6, 2025, the President of the United States is Joe Biden."
16,"As of November 6, 2025, the President of the United States is Joe Biden."
17,"As of November 6, 2025, the President of the United States is Joe Biden."
18,"As of November 6, 2025, the President of the United States is Joe Biden."
19,"As of November 6, 2025, the President of the United States is Joe Biden."
20,"As of November 6, 2025, the President of the United States is Joe Biden."
21,"As of November 6, 2025, the current president of the United States is Joe Biden."
22,"As of November 6, 2025, the President of the United States is Joe Biden."
23,"As of November 6, 2025, the President of the United States is Joe Biden."
24,"As of November 6, 2025, the President of the United States is **Joe Biden**."
25,"As of November 6, 2025, the President of the United States is Joe Biden."
26,"As of November 6, 2025, the President of the United States is Joe Biden."
27,"As of November 6, 2025, the President of the United States is Joe Biden."
28,"As of November 6, 2025, the President of the United States is Joe Biden."
29,"As of November 6, 2025, the President of the United States is Joe Biden."
30,"As of November 6, 2025, the current president of the United States is Joe Biden."
31,"As of November 6, 2025, the President of the United States is Joe Biden."
32,"As of November 6, 2025, the President of the United States is **Joe Biden**."
33,"As of November 6, 2025, the current president of the United States is Joe Biden."
34,"As of November 6, 2025, the current president of the United States is Joe Biden."
35,"As of November 6, 2025, the President of the United States is **Joe Biden**."
36,"As of November 6, 2025, the president of the United States is Joe Biden."
37,"As of November 6, 2025, the President of the United States is Joe Biden."
38,"As of November 6, 2025, the President of the United States is Joe Biden."
39,"As of November 6, 2025, the President of the United States is Joe Biden."
40,"As of November 6, 2025, the President of the United States is Joe Biden."
41,"As of November 6, 2025, the President of the United States is Joe Biden."
42,"As of November 6, 2025, the President of the United States is Joe Biden."
43,"As of November 6, 2025, the President of the United States is Joe Biden."
44,"As of November 6, 2025, the President of the United States is Joe Biden."
45,"As of November 6, 2025, the President of the United States is Joe Biden."
46,"As of November 6, 2025, the President of the United States is **Joe Biden**."
47,"As of November 6, 2025, the President of the United States is Joe Biden."
48,"As of November 6, 2025, the President of the United States is Joe Biden."
49,"As of November 6, 2025, the president of the United States is **Joe Biden**."
50,"As of November 6, 2025, the President of the United States is Joe Biden."
51,"As of November 6, 2025, the President of the United States is Joe Biden."
52,"As of November 6, 2025, the President of the United States is Joe Biden."
53,"As of November 6, 2025, the President of the United States is Joe Biden."
54,"As of November 6, 2025, the President of the United States is Joe Biden."
55,"As of November 6, 2025, the president of the United States is Joe Biden."
56,"As of November 6, 2025, the President of the United States is Joe Biden."
57,"As of November 6, 2025, the current president of the United States is Joe Biden."
58,"As of November 6, 2025, the President of the United States is Joe Biden."
59,"As of November 6, 2025, the President of the United States is Joe Biden."
60,"As of November 6, 2025, the President of the United States is Joe Biden."
61,"As of November 6, 2025, the President of the United States is Joe Biden."
62,"As of November 6, 2025, the President of the United States is Joe Biden."
63,"As of November 6, 2025, the President of the United States is Joe Biden."
64,"As of November 6, 2025, the President of the United States is Joe Biden."
65,"As of November 6, 2025, the President of the United States is Joe Biden."
66,"As of November 6, 2025, the President of the United States is Joe Biden."
67,"As of November 6, 2025, the President of the United States is Joe Biden."
68,"As of November 6, 2025, the President of the United States is Joe Biden."
69,"As of November 6, 2025, the President of the United States is Joe Biden."
70,"As of November 6, 2025, the current president of the United States is Joe Biden."
71,"As of November 6, 2025, the President of the United States is Joe Biden."
72,"As of November 6, 2025, the President of the United States is Joe Biden."
73,"As of November 6, 2025, the President of the United States is Joe Biden."
74,"As of November 6, 2025, the current president of the United States is Joe Biden."
75,"As of November 6, 2025, the President of the United States is **Joe Biden**."
76,"As of November 6, 2025, the current president of the United States is Joe Biden."
77,"As of November 6, 2025, the President of the United States is Joe Biden."
78,"As of November 6, 2025, the President of the United States is Joe Biden."
79,"As of November 6, 2025, the current president of the United States is Joe Biden."
80,"As of November 6, 2025, the President of the United States is Joe Biden."
81,"As of November 6, 2025, the President of the United States is Joe Biden."
82,"As of November 6, 2025, the current president of the United States is **Joe Biden**."
83,"As of November 6, 2025, the president of the United States is Joe Biden."
84,"As of November 6, 2025, the President of the United States is Joe Biden."
85,"As of November 6, 2025, the President of the United States is Joe Biden."
86,"As of November 6, 2025, the President of the United States is Joe Biden."
87,"As of November 6, 2025, the President of the United States is Joe Biden."
88,"As of November 6, 2025, the President of the United States is Joe Biden."
89,"As of November 6, 2025, the President of the United States is Joe Biden."
90,"As of November 6, 2025, the President of the United States is Joe Biden."
91,"As of November 6, 2025, the President of the United States is Joe Biden."
92,"As of November 6, 2025, the current president of the United States is Joe Biden."
93,"As of November 6, 2025, the President of the United States is Joe Biden."
94,"As of November 6, 2025, the President of the United States is Joe Biden."
95,"As of November 6, 2025, the current president of the United States is Joe Biden."
96,"As of November 6, 2025, the President of the United States is Joe Biden."
97,"As of November 6, 2025, the President of the United States is Joe Biden."
98,"As of November 6, 2025, the President of the United States is Joe Biden."
99,"As of November 6, 2025, the President of the United States is Joe Biden."
100,"As of November 6, 2025, the President of the United States is Joe Biden."
