question,Who won the US presidential election in 2024?,instructions,"Answer the question as accurately and concisely as possible. Today is November 15, 2025.",model,gpt-5.1,date,2025-11-15T15:19:04.196860
index,answer,input_tokens,output_tokens,reasoning_tokens,model
1,"As of my latest update, the official, final result of the 2024 U.S. presidential election is not available in my training data, which only goes through October 2024. I don’t have live access to current news or election certifications.

To get the accurate and up-to-date winner, please check a reliable current source such as:
- The Associated Press (AP)
- Reuters
- The New York Times or Washington Post election results pages
- The official website of the Federal Election Commission (FEC)",43,115,0,gpt-5.1-2025-11-13
2,"As of my latest knowledge (which goes up to October 2024), the 2024 U.S. presidential election had not yet occurred, so I don’t have information on who won.  

I also don’t have real-time or post-2024 updates, so I can’t accurately tell you the result. For the most reliable and current answer, please check a recent news source or an official government site (such as usa.gov or your state’s election authority).",43,105,0,gpt-5.1-2025-11-13
3,"As of my latest training data (which goes up to October 2024), the 2024 U.S. presidential election results were not yet available, so I don’t reliably know who won.  

I also don’t have live internet access to check updated results. You’ll need to confirm the winner from a current news source or an official site like usa.gov or your state’s election authority.",43,90,0,gpt-5.1-2025-11-13
4,"As of my latest update, the official winner of the 2024 U.S. presidential election has not been reliably recorded in my training data, so I can’t state the result with certainty.  

For the most accurate and up‑to‑date information, please check a current, authoritative source such as:
- The Associated Press (AP)
- Reuters
- The New York Times or Washington Post
- The official website of the Federal Election Commission (FEC)",43,104,0,gpt-5.1-2025-11-13
5,"As of my latest update, the official, certified winner of the 2024 U.S. presidential election has not been recorded in my training data, so I can’t reliably tell you who won.  

For the most accurate and up-to-date result, please check a current, authoritative news source (e.g., AP, major newspapers, or the official Federal Election Commission site).",43,86,0,gpt-5.1-2025-11-13
6,"As of my latest training update (which goes through November 2024), the official, certified winner of the 2024 U.S. presidential election was not yet included in my data. I don’t have real-time access to verify results after that point.

To get the accurate winner, please check a current, reliable source such as:
- The Associated Press (AP)
- Reuters
- The New York Times, Washington Post, or another major news outlet
- The official website of the Federal Election Commission (FEC)",43,116,0,gpt-5.1-2025-11-13
7,"As of my last update in October 2024, the 2024 U.S. presidential election had not yet occurred, so I don’t have reliable information on the winner.

I also don’t have live or real‑time access to news, so I can’t see results that became available afterward. To get the accurate answer, please check a current, trusted news source (e.g., AP, Reuters, major newspapers) or the official Federal Election Commission (FEC) site.",43,108,0,gpt-5.1-2025-11-13
8,"As of my latest training cutoff in October 2024, the 2024 U.S. presidential election results were not yet available, and I don’t have browsing access to check newer information.

To get the accurate, up-to-date answer, please check a current reputable news source (e.g., AP, Reuters, major newspapers) or the official Federal Election Commission (FEC) website.",43,89,0,gpt-5.1-2025-11-13
9,"As of my latest available training data (up to October 2024), the result of the November 2024 U.S. presidential election was not yet known. I don’t have access to real-time updates, so I can’t accurately tell you who won.",43,63,0,gpt-5.1-2025-11-13
10,"As of my latest training (which only includes data up to October 2024), I don't have reliable information on the final certified result of the 2024 U.S. presidential election.

To get the accurate and current answer, please check a trusted, up-to-date source such as:
- The Associated Press (apnews.com)
- Reuters (reuters.com)
- Major U.S. outlets (e.g., NY Times, Washington Post)
- The official Federal Election Commission site (fec.gov)",43,111,0,gpt-5.1-2025-11-13
