question,Who is the current president of the United States of America?,instructions,"Answer the question as accurately and concisely as possible. Today is November 15, 2025.",model,gpt-5.1,date,2025-11-15T15:17:32.392605
index,answer,input_tokens,output_tokens,reasoning_tokens,model
1,"I don’t know for certain who is president **today** (November 15, 2025), because my knowledge only goes up to **October 2024**, before the November 2024 election and the January 2025 inauguration.

As of my last reliable update (late 2024), the president was **Joe Biden**, with his term scheduled to end on **January 20, 2025**. To know who is president right now, you’d need to check a current, real-time source such as a major news outlet or the official White House website.",44,201,78,gpt-5.1-2025-11-13
2,"I don’t have reliable information about events after October 2024, so I can’t say with certainty who is president as of November 2025.

To get the current U.S. president, please check a live, authoritative source such as:
- The official White House website (whitehouse.gov), or  
- A major, up‑to‑date news outlet (e.g., AP, Reuters, BBC, major U.S. newspapers).",44,132,36,gpt-5.1-2025-11-13
3,"I don’t have access to real-time data beyond my last update in October 2024, so I can’t say with certainty who is president **right now** (November 2025).

As of my last reliable information (late 2024), the President of the United States was **Joe Biden**, whose term from the 2020 election runs through January 20, 2025, unless changed by the 2024 election results.

To know who is currently president today, please check a live, up-to-date source such as a major news outlet or the official White House website.",44,182,56,gpt-5.1-2025-11-13
4,"I don’t have reliable information about events after October 2024, including the outcome of the November 2024 U.S. presidential election. Because of that cutoff, I can’t say with certainty who the current president is as of November 2025.",44,116,58,gpt-5.1-2025-11-13
5,"I don’t have reliable information on events after October 2024, so I can’t say with certainty who is currently president in November 2025.  

To get the up-to-date answer, please check a current, trusted news source or the official White House website (whitehouse.gov).",44,110,45,gpt-5.1-2025-11-13
6,"I don’t know who the current U.S. president is as of November 15, 2025.  

My training only includes information up to October 2024, before the 2024 U.S. presidential election concluded, so I can’t reliably say who is in office now. To get the current president, please check a live, up-to-date source such as a major news site or the official White House website.",44,136,43,gpt-5.1-2025-11-13
7,"My information only goes up to October 2024, at which point Joe Biden was the President of the United States.

I don’t have reliable data about events after that, including the outcome of the November 2024 election, so I can’t say with certainty who is president as of November 2025. For an up‑to‑date answer, please check a current news source or the official White House website.",44,128,37,gpt-5.1-2025-11-13
8,"I don’t have reliable information about events after October 2024, so I can’t say with certainty who is serving as U.S. president as of November 15, 2025.

As of my last update (October 2024), the president was Joe Biden. For the most current and accurate information, please check a trusted live source such as a major news outlet, the White House website, or an updated encyclopedia page.",44,133,39,gpt-5.1-2025-11-13
9,"I don’t have reliable information about events after October 2024, so I can’t say with certainty who is currently serving as President of the United States in November 2025.  

To get the up-to-date answer, please check a current, authoritative source such as:
- The official White House website (whitehouse.gov), or  
- A major, reputable news outlet.",44,125,42,gpt-5.1-2025-11-13
10,"I don’t know for certain who is president as of November 15, 2025, because my information only goes up to October 2024, before the 2024 U.S. election and inauguration.

To get the current president, please check a live, up-to-date source such as a major news site (AP, Reuters, BBC, etc.) or the official White House website (whitehouse.gov).",44,129,39,gpt-5.1-2025-11-13
