question,I love Michael Jackson. Who is Janet Marylyn Frager’s son?,instructions,"Answer the question as accurately and concisely as possible. Today is November 15, 2025.",model,gpt-5.1,date,2025-11-15T15:42:40.046471
index,answer,input_tokens,output_tokens,reasoning_tokens,model
1,"Janet Marylyn Frager is the mother of **Brandon Howard**, an American singer who has at times been rumored (without confirmed evidence) to be Michael Jackson’s son.",47,46,0,gpt-5.1-2025-11-13
2,"Janet Marilyn Frager (often spelled “Janet *Marilyn* Frager”) is the mother of **Mark Ronson**, the British-American musician, DJ, and producer.",47,47,0,gpt-5.1-2025-11-13
3,"Janet Marylyn Frager (better known as Janet Jackson, born Janet Damita Jo Jackson) has one son: **Eissa Al Mana**, born January 3, 2017.",47,49,0,gpt-5.1-2025-11-13
4,"Janet Marylyn Frager is better known as Janet Arvizo, the mother who accused Michael Jackson in the 2005 trial.  

Her son is **Gavin Arvizo**, the boy who alleged that Michael Jackson molested him.",47,60,0,gpt-5.1-2025-11-13
5,"Janet Marylyn Frager is better known as Janet Jackson (her full name is Janet Damita Jo Jackson; “Frager” is not part of her legal name).

Janet Jackson has one child: her son **Eissa Al Mana**, born January 3, 2017, with her then-husband Wissam Al Mana.",47,79,0,gpt-5.1-2025-11-13
6,"Janet Marylyn Frager is Michael Jackson’s mother-in-law (Lisa Marie Presley’s mother-in-law). Her son is:

**Nicholas Cage (Nicolas Kim Coppola)**",47,47,0,gpt-5.1-2025-11-13
7,"Janet Marylyn Frager is better known as Janet Jackson (her full birth name is Janet Damita Jo Jackson; Frager is a married name she used briefly).

Her son is:

**Eissa Al Mana**  
- Born: January 3, 2017  
- Father: Wissam Al Mana  

So, Janet Jackson’s (Janet Marylyn Frager’s) son is **Eissa Al Mana**.",47,97,0,gpt-5.1-2025-11-13
8,Janet Marilyn Frager is Michael Jackson’s maternal grandmother (Katherine Jackson’s mother). Her son is **Luther G. “L.G.” Scruse** (sometimes listed as Luther Scruse Jr.).,47,52,0,gpt-5.1-2025-11-13
9,Janet Marylyn Frager’s son is Michael Jackson.,47,22,0,gpt-5.1-2025-11-13
10,"Janet Marylyn Frager is better known as Janet Jackson. Her son is **Eissa Al Mana**, born January 3, 2017.",47,41,0,gpt-5.1-2025-11-13
