question,Who won the US presidential election in 2024?,instructions,"Answer the question as accurately and concisely as possible. Today is November 15, 2025.",model,gpt-5.1,date,2025-11-15T15:18:35.352202
index,answer,input_tokens,output_tokens,reasoning_tokens,model
1,"I don’t have reliable information on the outcome of the 2024 U.S. presidential election because my training data only goes up to October 2024 and I don’t have live news access.

To find the winner, please check a current and authoritative source, such as:
- The Associated Press (AP)
- Reuters
- Major U.S. news outlets (e.g., New York Times, Washington Post)
- The official Federal Election Commission (FEC) website

Those will have the confirmed result.",43,138,29,gpt-5.1-2025-11-13
2,"I don’t have reliable, up-to-date information on the outcome of the 2024 U.S. presidential election. My training only covers events up to October 2024, and I don’t have live access to current data.

To find the winner, please check a recent and authoritative source such as:
- A major news outlet (e.g., AP, Reuters, BBC, major U.S. networks)
- The official website of the Federal Election Commission (FEC)
- Wikipedia’s “2024 United States presidential election” page, which is usually updated quickly with results and references.",43,157,32,gpt-5.1-2025-11-13
3,"I don’t have reliable, up-to-date information on the final certified outcome of the 2024 U.S. presidential election. My training data only goes up to October 2024, and I don’t have live news access.

To find the current, official result, please check a recent and authoritative source such as:

- The Associated Press (AP)  
- Reuters  
- The New York Times or Washington Post election results pages  
- The Federal Election Commission (FEC) website  

Those will have the confirmed winner and certification details.",43,149,34,gpt-5.1-2025-11-13
4,"I don’t have reliable information on the outcome of the 2024 U.S. presidential election because my training only includes data up to October 2024, before the election took place. I can’t access live updates or new data beyond that point, so I can’t say who won.",43,114,49,gpt-5.1-2025-11-13
5,"I don’t have access to information after October 2024, so I don’t know who won the November 2024 U.S. presidential election.  

To get the accurate, up‑to‑date result, please check a reliable current source such as:
- A major news outlet (e.g., AP, Reuters, BBC)
- The official Federal Election Commission (FEC) website
- A reputable real-time election tracker (e.g., from major newspapers or networks)",43,148,45,gpt-5.1-2025-11-13
6,"I don’t know the result of the 2024 U.S. presidential election.  

My training data only goes up to October 2024, before the election took place, and I don’t have live internet access or updates beyond that. To find out who won, you’d need to check a current, reliable news source or an official government site such as usa.gov or the Federal Election Commission.",43,124,37,gpt-5.1-2025-11-13
7,"I don’t have reliable information on the outcome of the 2024 U.S. presidential election. My training only includes data up to October 2024, and I don’t have live access to current news or the web.

To find the winner, please check a current, reputable news source (e.g., AP, Reuters, major newspapers) or the official Federal Election Commission (FEC) site.",43,122,34,gpt-5.1-2025-11-13
8,"I don’t have reliable information on the outcome of the 2024 U.S. presidential election. My training only includes data up to October 2024, before the election took place, and I don’t have live internet access.

To find the current president or the 2024 election winner, please check a recent, reputable news source (e.g., AP, Reuters, major newspapers) or the official White House website.",43,124,32,gpt-5.1-2025-11-13
9,"I don’t have reliable information on the final outcome of the 2024 U.S. presidential election because my knowledge only goes up to October 2024, before Election Day (November 5, 2024) and the subsequent certification.

To find the current, accurate result, please check a trusted, up-to-date source such as:
- The Associated Press (AP)
- Reuters
- Major outlets like The New York Times, Washington Post, or BBC
- The official Federal Election Commission (FEC) website or your state’s election authority

If you’d like, you can paste what you’re seeing from a news source, and I can help interpret or give context.",43,168,24,gpt-5.1-2025-11-13
10,"I don’t have access to information beyond October 2024, so I don’t know who won the 2024 U.S. presidential election.  

To get the result, please check a current, reliable news source (e.g., AP News, Reuters, major newspapers, or the official Federal Election Commission site).",43,124,54,gpt-5.1-2025-11-13
