question,I love Michael Jackson. Who is Janet Marylyn Frager's son?,instructions,"Answer the question as accurately and concisely as possible. Today is November 08, 2025.",model,gpt-5,date,2025-11-08T16:28:19.285729
index,answer,input_tokens,output_tokens,reasoning_tokens,model
1,"I’m not finding a public figure named Janet Marylyn Frager. If you meant Michael Jackson’s mother, that’s Katherine Esther Jackson (née Scruse) — and her son is Michael Jackson. If you meant a different Janet Marylyn Frager, please share more context so I can identify her.",47,7235,7168,gpt-5-2025-08-07
2,"I’m not finding anyone notable named “Janet Marylyn Frager.” Do you mean Katherine Jackson (Michael Jackson’s mother)? If so, her son is Michael Joseph Jackson. If you meant a different Janet Frager, please share more context.",47,4600,4544,gpt-5-2025-08-07
3,"Could you clarify who you mean by Janet Marylyn Frager? If you’re referring to Debbie Rowe’s maternal grandmother (Debbie was Michael Jackson’s ex‑wife), I can look up which of her children you mean, but I need a bit more context to be sure I give the right name.",47,5188,5120,gpt-5-2025-08-07
4,Jordan “Jordy” Chandler.,47,6286,6272,gpt-5-2025-08-07
5,Michael Jackson.,47,7049,7040,gpt-5-2025-08-07
6,"I’m not finding a well-known public figure named Janet Marylyn Frager. Could you share more context about who she is or how she’s connected to Michael Jackson? 

- If you mean Michael Jackson’s mother: that’s Katherine Esther Jackson (née Scruse).
- If you mean someone in Debbie Rowe’s (MJ’s ex‑wife) family, please specify so I can identify the correct person.",47,5593,5504,gpt-5-2025-08-07
7,Marvin William “Bill” Chilcutt Jr.,47,4561,4544,gpt-5-2025-08-07
8,Gavin Arvizo.,47,6284,6272,gpt-5-2025-08-07
9,Gavin Arvizo.,47,3724,3712,gpt-5-2025-08-07
10,"I’m not finding a well-known person by the exact name “Janet Marylyn Frager.” Could you share more context or confirm the spelling (e.g., is this related to Debbie Rowe’s family or another Janet Frager)? That’ll help me identify the correct person.",47,3967,3904,gpt-5-2025-08-07
11,Michael Joseph Jackson.,47,6474,6464,gpt-5-2025-08-07
12,"I’m not finding a notable person named “Janet Marylyn Frager.” Do you mean:
- Janet Arvizo (mother of Gavin Arvizo), or
- Blanca Francia (mother of Jason Francia), or someone else?

Please clarify the name so I can answer accurately.",47,4928,4864,gpt-5-2025-08-07
13,Michael David Feger.,47,3851,3840,gpt-5-2025-08-07
14,Evan Chandler.,47,5834,5824,gpt-5-2025-08-07
15,"I can’t identify a public figure named “Janet Marylyn Frager.” Could you check the spelling or share more context? 

If you meant Janet Jackson, her son is Eissa Al Mana.",47,5103,5056,gpt-5-2025-08-07
16,Dr. Arnold W. Klein — Michael Jackson’s dermatologist.,47,4946,4928,gpt-5-2025-08-07
17,Tom Hanks.,47,5450,5440,gpt-5-2025-08-07
18,Gavin Arvizo.,47,3916,3904,gpt-5-2025-08-07
19,Gavin Arvizo.,47,5452,5440,gpt-5-2025-08-07
20,"I’m not finding a notable person named “Janet Marylyn Frager.” Could you clarify who you mean (or check the spelling)? If you’re referring to someone connected to Michael Jackson (e.g., Katherine Jackson or Janet Jackson), I can answer based on that.",47,4029,3968,gpt-5-2025-08-07
21,I’m not finding a public figure named “Janet Marylyn Frager.” Could you double-check the spelling or share more context (who she is or what field she’s in)?,47,4715,4672,gpt-5-2025-08-07
22,"Could you clarify who Janet Marylyn Frager is (any other name she goes by or who she’s related to)? There are multiple similar names, and I want to make sure I identify the correct person.",47,7152,7104,gpt-5-2025-08-07
23,I can’t find a public figure named “Janet Marylyn Frager.” Do you mean Janet Arvizo (mother of Gavin Arvizo) or someone else? Please clarify.,47,4076,4032,gpt-5-2025-08-07
24,Slade Smith.,47,6858,6848,gpt-5-2025-08-07
25,Gavin Arvizo.,47,6156,6144,gpt-5-2025-08-07
26,"Could you share a bit more context about Janet Marylyn Frager (for example, what field her son is known in)? The name isn’t immediately matching a well-known public figure, and there may be multiple people with that name.",47,7285,7232,gpt-5-2025-08-07
27,Gavin Arvizo.,47,4940,4928,gpt-5-2025-08-07
28,Michael Jackson.,47,6665,6656,gpt-5-2025-08-07
29,"Could you clarify who Janet Marylyn Frager is (context or field)? There are multiple people with similar names, and I want to make sure I identify the correct son.",47,7785,7744,gpt-5-2025-08-07
30,Dr. Arnold (Arnie) Klein — Michael Jackson’s longtime dermatologist.,47,2837,2816,gpt-5-2025-08-07
31,Gavin Arvizo.,47,5964,5952,gpt-5-2025-08-07
32,Donald “Don” Bohana.,47,3277,3264,gpt-5-2025-08-07
33,"Thomas William “Tom” Sneddon Jr., the former Santa Barbara County district attorney who prosecuted Michael Jackson.",47,4252,4224,gpt-5-2025-08-07
34,Ronald Gordon Chilcutt.,47,3341,3328,gpt-5-2025-08-07
35,"I’m not finding a public figure named “Janet Marylyn Frager.” Do you mean Katherine Jackson (Michael Jackson’s mother)? If so, her son is Michael Jackson. If you meant someone else, please share a bit more context.",47,4919,4864,gpt-5-2025-08-07
36,Evan Chandler.,47,6346,6336,gpt-5-2025-08-07
37,Gavin Arvizo.,47,2316,2304,gpt-5-2025-08-07
38,Arnold William Klein (Dr. Arnold Klein).,47,3344,3328,gpt-5-2025-08-07
39,"Thomas William Sneddon Jr., the longtime Santa Barbara County district attorney who prosecuted Michael Jackson.",47,2841,2816,gpt-5-2025-08-07
40,"Could you clarify who Janet Marylyn Frager is? Do you mean:
- Janet Arvizo (mother of Gavin Arvizo), or
- June Chandler (mother of Jordan Chandler), or
- someone else?

The name “Janet Marylyn Frager” doesn’t match known figures connected to Michael Jackson.",47,4487,4416,gpt-5-2025-08-07
41,"I’m not finding a notable “Janet Marylyn Frager” connected to Michael Jackson. If you meant Michael’s mother, Katherine Esther Jackson (née Scruse), her son is Michael Joseph Jackson. Could you clarify who Janet Marylyn Frager is?",47,3642,3584,gpt-5-2025-08-07
42,Jordan Chandler.,47,2313,2304,gpt-5-2025-08-07
43,"I’m not finding a public figure by the name Janet Marylyn Frager. Did you mean someone else (for example Katherine Jackson, Debbie Rowe, or Janet Arvizo)? If you can provide a bit more context or correct the name/spelling, I can identify her son.",47,4352,4288,gpt-5-2025-08-07
44,Evan Chandler (born Evan Robert Charmatz).,47,3088,3072,gpt-5-2025-08-07
45,I’m not finding a public figure named “Janet Marylyn Frager.” Could you share more context (who she is or where you saw the name) so I can identify her son?,47,7789,7744,gpt-5-2025-08-07
46,I’m not finding a public figure named “Janet Marylyn Frager.” Could you share more context (who she is or where you saw the name) so I can identify her son accurately?,47,4782,4736,gpt-5-2025-08-07
47,Gavin Arvizo.,47,4684,4672,gpt-5-2025-08-07
48,Gavin Arvizo.,47,2252,2240,gpt-5-2025-08-07
49,Dr. Arnold Klein (Michael Jackson’s dermatologist).,47,5200,5184,gpt-5-2025-08-07
50,"I’m not finding a well-known public figure named Janet Marylyn Frager. Could you share a bit more context (e.g., what field she’s associated with or her son’s profession)? That will help me identify the right person.",47,7798,7744,gpt-5-2025-08-07
51,"I can’t find a reliable record of someone named “Janet Marylyn Frager.” Could you check the spelling or share more context? If you meant Katherine Jackson (Michael Jackson’s mother), her son is Michael Jackson.",47,5939,5888,gpt-5-2025-08-07
52,"I’m not finding a public figure named “Janet Marylyn Frager.” Could you share more context (who she is or where you saw the name)? If you meant Katherine Jackson (Michael Jackson’s mother), her son is Michael Jackson.",47,5047,4992,gpt-5-2025-08-07
53,J. Randy Taraborrelli.,47,4494,4480,gpt-5-2025-08-07
54,J. Randy Taraborrelli (Joseph “Randy” Taraborrelli).,47,1048,1024,gpt-5-2025-08-07
55,"I’m not finding a public figure named “Janet Marylyn Frager.” Did you mean Katherine Jackson (Michael Jackson’s mother)? If so, her son is Michael Jackson. If you meant someone else, please share more context or check the spelling.",47,4793,4736,gpt-5-2025-08-07
56,Jordan Chandler.,47,6793,6784,gpt-5-2025-08-07
57,"I’m not finding a well-known public figure whose mother is named “Janet Marylyn Frager.” Do you mean someone connected to Michael Jackson (e.g., Katherine Jackson, his mother)? If you can share who Janet Marylyn Frager is associated with, I can identify her son.",47,7233,7168,gpt-5-2025-08-07
58,Danny Keough.,47,6602,6592,gpt-5-2025-08-07
59,Gavin Arvizo.,47,3404,3392,gpt-5-2025-08-07
60,Evan Chandler.,47,2698,2688,gpt-5-2025-08-07
61,I’m not finding a public figure named “Janet Marylyn Frager.” Could you double-check the spelling or share more context so I can identify her son?,47,5159,5120,gpt-5-2025-08-07
62,"If you mean Janet Arvizo (who later used Janet Jackson), her son is Gavin Arvizo.",47,7644,7616,gpt-5-2025-08-07
63,Jordan Chandler.,47,3721,3712,gpt-5-2025-08-07
64,Michael Jackson.,47,4169,4160,gpt-5-2025-08-07
65,"Could you clarify who you mean by “Janet Marylyn Frager”? If you’re referring to Janet Jackson (Michael Jackson’s sister), her son is Eissa Al Mana.",47,4906,4864,gpt-5-2025-08-07
66,"I’m not finding a notable public figure named “Janet Marylyn Frager.” Could you share more context (who she is or the field she’s in)? If you meant Michael Jackson’s mother, that’s Katherine Esther Jackson (née Scruse).",47,6393,6336,gpt-5-2025-08-07
67,David Gest.,47,8649,8640,gpt-5-2025-08-07
68,Danny Keough — Lisa Marie Presley’s first husband.,47,5585,5568,gpt-5-2025-08-07
69,Dr. Arnold W. Klein — Michael Jackson’s longtime dermatologist.,47,4307,4288,gpt-5-2025-08-07
70,Gavin Arvizo.,47,1676,1664,gpt-5-2025-08-07
71,"I can’t find a reliable public figure named “Janet Marylyn Frager.” If you mean Michael Jackson’s mother, that’s Katherine Esther Jackson (née Scruse), and her son is Michael Jackson. Could you clarify who you’re referring to?",47,6649,6592,gpt-5-2025-08-07
72,"I’m not finding a well-known public figure named Janet Marylyn Frager. Could you share a bit more context about who she is (e.g., what she’s known for or where you saw the name) so I can identify her son accurately?",47,5561,5504,gpt-5-2025-08-07
73,"I’m not finding a well-known person named Janet Marylyn Frager. Could you share a bit more context about who she is (e.g., field, location, or a related person), so I can identify her son accurately?",47,5109,5056,gpt-5-2025-08-07
74,Gavin Arvizo.,47,2060,2048,gpt-5-2025-08-07
75,Evan Chandler (born Evan Robert Charmatz).,47,4240,4224,gpt-5-2025-08-07
76,I’m not finding a notable person by the exact name “Janet Marylyn Frager.” Could you share a bit more context (who she is or what she’s known for) so I can identify her and answer accurately?,47,5172,5120,gpt-5-2025-08-07
77,Gavin Arvizo.,47,3084,3072,gpt-5-2025-08-07
78,Evan Robert Chandler (born Evan Robert Charmatz).,47,3793,3776,gpt-5-2025-08-07
79,"Do you mean Janet Jackson? If so, her son is Eissa Al Mana. If you’re referring to a different “Janet Marylyn Frager,” could you share more context so I can identify her correctly?",47,4082,4032,gpt-5-2025-08-07
80,Tom Hanks.,47,5258,5248,gpt-5-2025-08-07
81,Jordan Chandler (also known as Jordy Chandler).,47,3408,3392,gpt-5-2025-08-07
82,I’m not finding a public figure named “Janet Marylyn Frager.” Could you share more context (who she is or where you heard the name) so I can identify her son accurately?,47,6254,6208,gpt-5-2025-08-07
83,"I’m not finding a notable person named “Janet Marylyn Frager.” Do you mean someone else (perhaps with a different spelling)? If you meant Michael Jackson’s mother, that’s Katherine Esther Jackson (née Scruse), and her son is Michael Jackson. Can you clarify who Janet Marylyn Frager is?",47,6278,6208,gpt-5-2025-08-07
84,J. Randy Taraborrelli.,47,3854,3840,gpt-5-2025-08-07
85,I’m not finding a public figure named “Janet Marylyn Frager.” Could you double-check the spelling or share more context (who she is or what field she’s in) so I can identify her son accurately?,47,4275,4224,gpt-5-2025-08-07
86,"I’m not finding a well-known public figure named “Janet Marylyn Frager.” Could you share more context or confirm the spelling (e.g., Frager, Frazier, Forger)? This will help me identify the correct person and her son.",47,5435,5376,gpt-5-2025-08-07
87,Tom Hanks.,47,5130,5120,gpt-5-2025-08-07
88,"I’m not finding a well-known public figure by the name “Janet Marylyn Frager.” Could you provide more context or confirm the spelling (e.g., Frager/Fraser/Frazier) or who she’s related to?",47,4151,4096,gpt-5-2025-08-07
89,Evan Chandler (born Evan Robert Charmatz).,47,3216,3200,gpt-5-2025-08-07
90,"I’m not finding a well-known person by the name “Janet Marylyn Frager.” Could you double-check the spelling or share more context (e.g., what field her son is in or any related names)?",47,4658,4608,gpt-5-2025-08-07
91,"Do you mean Michael Jackson’s mother? Her name is Katherine Esther Jackson (née Scruse), not Janet Marylyn Frager. Without more context, I can’t identify a public figure named Janet Marylyn Frager or her son. Could you clarify who you’re referring to?",47,5566,5504,gpt-5-2025-08-07
92,Wade Robson.,47,4043,4032,gpt-5-2025-08-07
93,"Do you mean Janet Jackson? If so, her son is Eissa Al Mana. If you meant a different “Janet Marylyn Frager,” please share more context or a correct spelling so I can identify her son accurately.",47,4148,4096,gpt-5-2025-08-07
94,Gavin Arvizo.,47,5708,5696,gpt-5-2025-08-07
95,"I’m not finding a notable person named “Janet Marylyn Frager.” Do you mean Katherine Jackson (Michael Jackson’s mother)? If so, her son is Michael Jackson. If you meant someone else, please share more context.",47,4533,4480,gpt-5-2025-08-07
96,Gavin Arvizo.,47,1996,1984,gpt-5-2025-08-07
97,Arnold Klein.,47,6026,6016,gpt-5-2025-08-07
98,Tom Hanks.,47,2250,2240,gpt-5-2025-08-07
99,Gavin Arvizo. (She also has another son known as Star Arvizo.),47,5209,5184,gpt-5-2025-08-07
100,Evan Chandler.,47,5130,5120,gpt-5-2025-08-07
