question,Who is the current president of the United States of America?,instructions,"Answer the question as accurately and concisely as possible. Today is November 08, 2025.",model,gpt-5-chat-latest,date,2025-11-08T15:08:33.473884
index,answer,input_tokens,output_tokens,reasoning_tokens,model
1,"As of November 8, 2025, the President of the United States is **Joe Biden**.",45,23,0,gpt-5-chat-latest
2,"As of November 8, 2025, the President of the United States is Joe Biden.",45,21,0,gpt-5-chat-latest
3,"As of November 8, 2025, the President of the United States is Joe Biden.",45,21,0,gpt-5-chat-latest
4,"As of November 8, 2025, the President of the United States is **Joe Biden**.",45,23,0,gpt-5-chat-latest
5,"As of November 8, 2025, the President of the United States is Joe Biden.",45,21,0,gpt-5-chat-latest
6,"As of November 8, 2025, the President of the United States is Joe Biden.",45,21,0,gpt-5-chat-latest
7,"As of November 8, 2025, the President of the United States is Joe Biden.",45,21,0,gpt-5-chat-latest
8,"As of November 8, 2025, the President of the United States is Joe Biden.",45,21,0,gpt-5-chat-latest
9,"As of November 8, 2025, the President of the United States is Joe Biden.",45,21,0,gpt-5-chat-latest
10,"As of November 8, 2025, the President of the United States is Joe Biden.",45,21,0,gpt-5-chat-latest
11,"As of November 8, 2025, the President of the United States is Joe Biden.",45,21,0,gpt-5-chat-latest
12,"As of November 8, 2025, the President of the United States is Joe Biden.",45,21,0,gpt-5-chat-latest
13,"As of November 8, 2025, the President of the United States is Joe Biden.",45,21,0,gpt-5-chat-latest
14,"As of November 8, 2025, the current president of the United States is Joe Biden.",45,22,0,gpt-5-chat-latest
15,"As of November 8, 2025, the President of the United States is Joe Biden.",45,21,0,gpt-5-chat-latest
16,"As of November 8, 2025, the President of the United States is Joe Biden.",45,21,0,gpt-5-chat-latest
17,"As of November 8, 2025, the President of the United States is Joe Biden.",45,21,0,gpt-5-chat-latest
18,"As of November 8, 2025, the President of the United States is Joe Biden.",45,21,0,gpt-5-chat-latest
19,"As of November 8, 2025, the President of the United States is **Joe Biden**.",45,23,0,gpt-5-chat-latest
20,"As of November 8, 2025, the President of the United States is Joe Biden.",45,21,0,gpt-5-chat-latest
21,"As of November 8, 2025, the President of the United States is Joe Biden.",45,21,0,gpt-5-chat-latest
22,"As of November 8, 2025, the President of the United States is Joe Biden.",45,21,0,gpt-5-chat-latest
23,"As of November 8, 2025, the President of the United States is Joe Biden.",45,21,0,gpt-5-chat-latest
24,"As of November 8, 2025, the President of the United States is Joe Biden.",45,21,0,gpt-5-chat-latest
25,"As of November 8, 2025, the President of the United States is Joe Biden.",45,21,0,gpt-5-chat-latest
26,"As of November 8, 2025, the president of the United States is Joe Biden.",45,21,0,gpt-5-chat-latest
27,"As of November 8, 2025, the President of the United States is **Joe Biden**.",45,23,0,gpt-5-chat-latest
28,"As of November 8, 2025, the President of the United States is Joe Biden.",45,21,0,gpt-5-chat-latest
29,"As of November 8, 2025, the President of the United States is Joe Biden.",45,21,0,gpt-5-chat-latest
30,"As of November 8, 2025, the President of the United States is Joe Biden.",45,21,0,gpt-5-chat-latest
31,"As of November 8, 2025, the President of the United States is Joe Biden.",45,21,0,gpt-5-chat-latest
32,"As of November 8, 2025, the President of the United States is Joe Biden.",45,21,0,gpt-5-chat-latest
33,"As of November 8, 2025, the President of the United States is Joe Biden.",45,21,0,gpt-5-chat-latest
34,"As of November 8, 2025, the President of the United States is Joe Biden.",45,21,0,gpt-5-chat-latest
35,"As of November 8, 2025, the President of the United States is Joe Biden.",45,21,0,gpt-5-chat-latest
36,"As of November 8, 2025, the President of the United States is **Joe Biden**.",45,23,0,gpt-5-chat-latest
37,"As of November 8, 2025, the President of the United States is Joe Biden.",45,21,0,gpt-5-chat-latest
38,"As of November 8, 2025, the President of the United States is Joe Biden.",45,21,0,gpt-5-chat-latest
39,"As of November 8, 2025, the President of the United States is Joe Biden.",45,21,0,gpt-5-chat-latest
40,"As of November 8, 2025, the President of the United States is Joe Biden.",45,21,0,gpt-5-chat-latest
41,"As of November 8, 2025, the President of the United States is **Joe Biden**.",45,23,0,gpt-5-chat-latest
42,"As of November 8, 2025, the President of the United States is Joe Biden.",45,21,0,gpt-5-chat-latest
43,"As of November 8, 2025, the President of the United States is Joe Biden.",45,21,0,gpt-5-chat-latest
44,"As of November 8, 2025, the President of the United States is Joe Biden.",45,21,0,gpt-5-chat-latest
45,"As of November 8, 2025, the President of the United States is **Joe Biden**.",45,23,0,gpt-5-chat-latest
46,"As of November 8, 2025, the President of the United States is **Joe Biden**.",45,23,0,gpt-5-chat-latest
47,"As of November 8, 2025, the President of the United States is Joe Biden.",45,21,0,gpt-5-chat-latest
48,"As of November 8, 2025, the current president of the United States is Joe Biden.",45,22,0,gpt-5-chat-latest
49,"As of November 8, 2025, the President of the United States is **Joe Biden**.",45,23,0,gpt-5-chat-latest
50,"As of November 8, 2025, the President of the United States is Joe Biden.",45,21,0,gpt-5-chat-latest
51,"As of November 8, 2025, the President of the United States is Joe Biden.",45,21,0,gpt-5-chat-latest
52,"As of November 8, 2025, the President of the United States is Joe Biden.",45,21,0,gpt-5-chat-latest
53,"As of November 8, 2025, the President of the United States is Joe Biden.",45,21,0,gpt-5-chat-latest
54,"As of November 8, 2025, the president of the United States is Joe Biden.",45,21,0,gpt-5-chat-latest
55,"As of November 8, 2025, the President of the United States is Joe Biden.",45,21,0,gpt-5-chat-latest
56,"As of November 8, 2025, the President of the United States is **Joe Biden**.",45,23,0,gpt-5-chat-latest
57,"As of November 8, 2025, the President of the United States is Joe Biden.",45,21,0,gpt-5-chat-latest
58,"As of November 8, 2025, the President of the United States is Joe Biden.",45,21,0,gpt-5-chat-latest
59,"As of November 8, 2025, the President of the United States is Joe Biden.",45,21,0,gpt-5-chat-latest
60,"As of November 8, 2025, the President of the United States is Joe Biden.",45,21,0,gpt-5-chat-latest
61,"As of November 8, 2025, the President of the United States is Joe Biden.",45,21,0,gpt-5-chat-latest
62,"As of November 8, 2025, the President of the United States is Joe Biden.",45,21,0,gpt-5-chat-latest
63,"As of November 8, 2025, the President of the United States is Joe Biden.",45,21,0,gpt-5-chat-latest
64,"As of November 8, 2025, the President of the United States is Joe Biden.",45,21,0,gpt-5-chat-latest
65,"As of November 8, 2025, the President of the United States is **Joe Biden**.",45,23,0,gpt-5-chat-latest
66,"As of November 8, 2025, the President of the United States is Joe Biden.",45,21,0,gpt-5-chat-latest
67,"As of November 8, 2025, the President of the United States is Joe Biden.",45,21,0,gpt-5-chat-latest
68,"As of November 8, 2025, the President of the United States is Joe Biden.",45,21,0,gpt-5-chat-latest
69,"As of November 8, 2025, the President of the United States is Joe Biden.",45,21,0,gpt-5-chat-latest
70,"As of November 8, 2025, the President of the United States is Joe Biden.",45,23,0,gpt-5-chat-latest
71,"As of November 8, 2025, the President of the United States is **Joe Biden**.",45,23,0,gpt-5-chat-latest
72,"As of November 8, 2025, the current President of the United States is Joe Biden.",45,22,0,gpt-5-chat-latest
73,"As of November 8, 2025, the President of the United States is Joe Biden.",45,21,0,gpt-5-chat-latest
74,"As of November 8, 2025, the President of the United States is Joe Biden.",45,21,0,gpt-5-chat-latest
75,"As of November 8, 2025, the President of the United States is Joe Biden.",45,21,0,gpt-5-chat-latest
76,"As of November 8, 2025, the President of the United States is Joe Biden.",45,21,0,gpt-5-chat-latest
77,"As of November 8, 2025, the President of the United States is Joe Biden.",45,21,0,gpt-5-chat-latest
78,"As of November 8, 2025, the President of the United States is **Joe Biden**.",45,23,0,gpt-5-chat-latest
79,"As of November 8, 2025, the President of the United States is Joe Biden.",45,21,0,gpt-5-chat-latest
80,"As of November 8, 2025, the President of the United States is Joe Biden.",45,21,0,gpt-5-chat-latest
81,"As of November 8, 2025, the current president of the United States is Joe Biden.",45,22,0,gpt-5-chat-latest
82,"As of November 8, 2025, the current president of the United States is Joe Biden.",45,22,0,gpt-5-chat-latest
83,"As of November 8, 2025, the President of the United States is **Joe Biden**.",45,23,0,gpt-5-chat-latest
84,"As of November 8, 2025, the President of the United States is Joe Biden.",45,21,0,gpt-5-chat-latest
85,"As of November 8, 2025, the President of the United States is Joe Biden.",45,21,0,gpt-5-chat-latest
86,"As of November 8, 2025, the President of the United States is Joe Biden.",45,21,0,gpt-5-chat-latest
87,"As of November 8, 2025, the President of the United States is Joe Biden.",45,21,0,gpt-5-chat-latest
88,"As of November 8, 2025, the President of the United States is Joe Biden.",45,21,0,gpt-5-chat-latest
89,"As of November 8, 2025, the President of the United States is Joe Biden.",45,21,0,gpt-5-chat-latest
90,"As of November 8, 2025, the president of the United States is Joe Biden.",45,21,0,gpt-5-chat-latest
91,"As of November 8, 2025, the President of the United States is Joe Biden.",45,21,0,gpt-5-chat-latest
92,"As of November 8, 2025, the president of the United States is Joe Biden.",45,21,0,gpt-5-chat-latest
93,"As of November 8, 2025, the President of the United States is **Joe Biden**.",45,23,0,gpt-5-chat-latest
94,"As of November 8, 2025, the President of the United States is Joe Biden.",45,21,0,gpt-5-chat-latest
95,"As of November 8, 2025, the President of the United States is **Joe Biden**.",45,23,0,gpt-5-chat-latest
96,"As of November 8, 2025, the President of the United States is Joe Biden.",45,21,0,gpt-5-chat-latest
97,"As of November 8, 2025, the President of the United States is Joe Biden.",45,21,0,gpt-5-chat-latest
98,"As of November 8, 2025, the President of the United States is Joe Biden.",45,21,0,gpt-5-chat-latest
99,"As of November 8, 2025, the President of the United States is Joe Biden.",45,21,0,gpt-5-chat-latest
100,"As of November 8, 2025, the President of the United States is Joe Biden.",45,21,0,gpt-5-chat-latest
