question,Who won the US presidential election in 2024?,instructions,"Answer the question as accurately and concisely as possible. Today is November 08, 2025.",model,gpt-5-chat-latest,date,2025-11-08T15:09:33.282526
index,answer,input_tokens,output_tokens,reasoning_tokens,model
1,"The winner of the 2024 U.S. presidential election was Joe Biden, who was re-elected for a second term.",44,27,0,gpt-5-chat-latest
2,"As of now (November 8, 2025), **Joe Biden** won reelection in the **2024 U.S. presidential election**, defeating **Donald Trump**.",44,37,0,gpt-5-chat-latest
3,"The winner of the 2024 U.S. presidential election was Joe Biden, who was re-elected for a second term.",44,27,0,gpt-5-chat-latest
4,"As of November 2025, the winner of the 2024 U.S. presidential election was **Joe Biden**, who was re‑elected for a second term.",44,36,0,gpt-5-chat-latest
5,"As of now, the winner of the 2024 U.S. presidential election was **Donald Trump**, who defeated incumbent President **Joe Biden**.",44,31,0,gpt-5-chat-latest
6,"The winner of the 2024 U.S. presidential election was Joe Biden, who was re-elected for a second term.",44,27,0,gpt-5-chat-latest
7,"As of now (November 8, 2025), **Joe Biden** won reelection in the 2024 U.S. presidential election, defeating the Republican nominee **Donald Trump**.",44,40,0,gpt-5-chat-latest
8,"As of now, the winner of the 2024 U.S. presidential election was **Joe Biden**, who defeated **Donald Trump** in the November 2024 election.",44,36,0,gpt-5-chat-latest
9,"As of now, the winner of the 2024 U.S. presidential election was **Joe Biden**, who defeated **Donald Trump** in the November 2024 race.",44,36,0,gpt-5-chat-latest
10,"The winner of the 2024 U.S. presidential election was Joe Biden, who was re‑elected for a second term.",44,28,0,gpt-5-chat-latest
11,"As of November 2025, the winner of the 2024 U.S. presidential election was **Joe Biden**, who was re-elected for a second term.",44,35,0,gpt-5-chat-latest
12,The winner of the 2024 U.S. presidential election was **Donald Trump**.,44,19,0,gpt-5-chat-latest
13,"The winner of the 2024 U.S. presidential election was Joe Biden, who secured a second term in office.",44,25,0,gpt-5-chat-latest
14,"As of November 2025, **Joe Biden** won the 2024 United States presidential election, securing a second term in office.",44,29,0,gpt-5-chat-latest
15,"The winner of the 2024 U.S. presidential election was Joe Biden, who was re-elected for a second term.",44,27,0,gpt-5-chat-latest
16,"As of November 2025, **Joe Biden** won the 2024 U.S. presidential election, securing a second term in office.",44,30,0,gpt-5-chat-latest
17,"The winner of the 2024 U.S. presidential election was Joe Biden, who was re-elected for a second term.",44,27,0,gpt-5-chat-latest
18,"As of now, **Joe Biden** won reelection in the **2024 U.S. presidential election**, defeating **Donald Trump**.",44,29,0,gpt-5-chat-latest
19,"As of now, the winner of the 2024 U.S. presidential election was **Donald Trump**, who defeated incumbent President **Joe Biden**.",44,31,0,gpt-5-chat-latest
20,"As of now, the winner of the **2024 U.S. presidential election** was **Donald Trump**, who defeated incumbent President **Joe Biden**.",44,32,0,gpt-5-chat-latest
21,"As of now (November 2025), the winner of the 2024 U.S. presidential election was **Donald Trump**, representing the Republican Party.",44,32,0,gpt-5-chat-latest
22,"As of now, the winner of the 2024 U.S. presidential election was **Joe Biden**, who defeated **Donald Trump**, securing a second term in office.",44,35,0,gpt-5-chat-latest
23,"As of now, the winner of the 2024 U.S. presidential election was **Donald Trump**, who defeated incumbent President **Joe Biden**.",44,31,0,gpt-5-chat-latest
24,"The winner of the 2024 U.S. presidential election was **Donald Trump**, representing the Republican Party.",44,23,0,gpt-5-chat-latest
25,"As of now, the winner of the 2024 U.S. presidential election was **Joe Biden**, who was re-elected for a second term.",44,32,0,gpt-5-chat-latest
26,"As of now, the winner of the 2024 U.S. presidential election was **Joe Biden**, who defeated **Donald Trump** in a rematch of the 2020 election.",44,39,0,gpt-5-chat-latest
27,"As of now, the winner of the 2024 U.S. presidential election was **Donald Trump**, who defeated incumbent President Joe Biden.",44,29,0,gpt-5-chat-latest
28,"As of now, **Joe Biden** won the 2024 U.S. presidential election, securing a second term in office.",44,27,0,gpt-5-chat-latest
29,"As of your date (November 8, 2025), the winner of the 2024 U.S. presidential election was **Joe Biden**, who was re‑elected for a second term.",44,42,0,gpt-5-chat-latest
30,"The winner of the 2024 U.S. presidential election was Joe Biden, who was re-elected for a second term.",44,27,0,gpt-5-chat-latest
31,"As of November 2025, the winner of the 2024 U.S. presidential election was **Joe Biden**, who was re‑elected for a second term.",44,36,0,gpt-5-chat-latest
32,"As of now, the winner of the 2024 U.S. presidential election was **Donald Trump**, representing the Republican Party. He defeated the Democratic nominee, **Joe Biden**, who was seeking reelection.",44,43,0,gpt-5-chat-latest
33,"As of now, the winner of the **2024 U.S. presidential election** was **Joe Biden**, who was re-elected for a second term.",44,33,0,gpt-5-chat-latest
34,"The winner of the 2024 U.S. presidential election was Joe Biden, who defeated Donald Trump to secure a second term in office.",44,29,0,gpt-5-chat-latest
35,"As of November 2025, **Joe Biden** won reelection in the 2024 U.S. presidential election, defeating **Donald Trump**.",44,32,0,gpt-5-chat-latest
36,"As of November 8, 2025, the winner of the 2024 U.S. presidential election was **Donald Trump**, who defeated incumbent President **Joe Biden**.",44,37,0,gpt-5-chat-latest
37,"As of now, **Joe Biden** won re‑election in the **2024 U.S. presidential election**, defeating **Donald Trump**.",44,31,0,gpt-5-chat-latest
38,"As of now, the winner of the **2024 U.S. presidential election** was **Joe Biden**, who defeated **Donald Trump** in a rematch of the 2020 election.",44,40,0,gpt-5-chat-latest
39,"As of now, **Donald Trump** won the 2024 U.S. presidential election, defeating incumbent President **Joe Biden**.",44,28,0,gpt-5-chat-latest
40,"The winner of the 2024 U.S. presidential election was Joe Biden, who defeated Donald Trump and secured a second term in office.",44,29,0,gpt-5-chat-latest
41,"As of November 2025, **Joe Biden** won the 2024 U.S. presidential election, securing a second term in office.",44,30,0,gpt-5-chat-latest
42,"As of now, the winner of the **2024 U.S. presidential election** was **Joe Biden**, who was re-elected for a second term.",44,33,0,gpt-5-chat-latest
43,"As of the current date (November 8, 2025), **Joe Biden** won the 2024 U.S. presidential election, securing a second term in office.",44,37,0,gpt-5-chat-latest
44,"As of now (November 8, 2025), the winner of the 2024 U.S. presidential election was **Donald Trump**, who defeated incumbent President **Joe Biden**.",44,39,0,gpt-5-chat-latest
45,"As of now, the winner of the 2024 U.S. presidential election was **Joe Biden**, who defeated **Donald Trump** in the general election.",44,33,0,gpt-5-chat-latest
46,"As of now, the winner of the **2024 U.S. presidential election** was **Donald Trump**, who defeated incumbent President **Joe Biden**.",44,32,0,gpt-5-chat-latest
47,"As of now, **Joe Biden** won reelection in the 2024 U.S. presidential election, defeating **Donald Trump**.",44,29,0,gpt-5-chat-latest
48,"As of now, **Joe Biden** won reelection in the 2024 U.S. presidential election, defeating **Donald Trump**.",44,29,0,gpt-5-chat-latest
49,"As of now, **Joe Biden** won reelection and is the President of the United States following the **2024 presidential election**.",44,29,0,gpt-5-chat-latest
50,"As of now, **Joe Biden** won reelection in the **2024 United States presidential election**, defeating **Donald Trump**.",44,28,0,gpt-5-chat-latest
51,"As of November 2025, the winner of the 2024 U.S. presidential election was **Joe Biden**, who was re-elected for a second term.",44,35,0,gpt-5-chat-latest
52,The winner of the 2024 U.S. presidential election was **Donald Trump**.,44,19,0,gpt-5-chat-latest
53,The winner of the 2024 U.S. presidential election was **Donald Trump**.,44,19,0,gpt-5-chat-latest
54,"As of now, the winner of the 2024 U.S. presidential election is **Joe Biden**, who was re‑elected for a second term.",44,33,0,gpt-5-chat-latest
55,"As of now (November 8, 2025), **Joe Biden** won the 2024 United States presidential election, securing a second term in office.",44,34,0,gpt-5-chat-latest
56,"As of now (November 8, 2025), the winner of the 2024 U.S. presidential election was **Joe Biden**, who was re‑elected for a second term.",44,41,0,gpt-5-chat-latest
57,"As of now, the winner of the 2024 U.S. presidential election was **Joe Biden**, who was re‑elected for a second term.",44,33,0,gpt-5-chat-latest
58,The winner of the 2024 U.S. presidential election was **Donald Trump**.,44,19,0,gpt-5-chat-latest
59,"As of now, **Joe Biden** won the 2024 United States presidential election, securing a second term in office.",44,26,0,gpt-5-chat-latest
60,"As of now, the winner of the 2024 U.S. presidential election was **Donald Trump**, who defeated incumbent **Joe Biden**.",44,30,0,gpt-5-chat-latest
61,The winner of the 2024 U.S. presidential election was **Donald Trump**.,44,19,0,gpt-5-chat-latest
62,"As of now (November 8, 2025), the winner of the 2024 U.S. presidential election was **Joe Biden**, who was re-elected for a second term.",44,40,0,gpt-5-chat-latest
63,"As of now, the winner of the 2024 U.S. presidential election was **Donald Trump**, representing the Republican Party.",44,27,0,gpt-5-chat-latest
64,"As of now (November 8, 2025), the winner of the 2024 U.S. presidential election was **Donald Trump**, who defeated incumbent President **Joe Biden**.",44,39,0,gpt-5-chat-latest
65,"As of November 2025, **Joe Biden** won the 2024 U.S. presidential election, securing a second term in office.",44,30,0,gpt-5-chat-latest
66,"As of now (November 2025), **Joe Biden** won the 2024 U.S. presidential election, securing a second term in office.",44,32,0,gpt-5-chat-latest
67,"As of now, the winner of the 2024 U.S. presidential election was **Joe Biden**, who defeated **Donald Trump** in his bid for reelection.",44,35,0,gpt-5-chat-latest
68,"As of November 2025, the winner of the 2024 U.S. presidential election was **Joe Biden**, who was re‑elected for a second term.",44,36,0,gpt-5-chat-latest
69,"The winner of the 2024 U.S. presidential election was **Joe Biden**, who was re-elected to a second term.",44,28,0,gpt-5-chat-latest
70,The winner of the 2024 U.S. presidential election was Donald Trump.,44,17,0,gpt-5-chat-latest
71,"As of now (November 8, 2025), the winner of the 2024 U.S. presidential election was **Donald Trump**, who defeated incumbent President **Joe Biden**.",44,39,0,gpt-5-chat-latest
72,"As of now (November 8, 2025), the winner of the 2024 U.S. presidential election was **Joe Biden**, who was re‑elected for a second term.",44,41,0,gpt-5-chat-latest
73,The winner of the 2024 U.S. presidential election was Donald Trump.,44,17,0,gpt-5-chat-latest
74,"The winner of the 2024 U.S. presidential election was Joe Biden, who defeated Donald Trump in a rematch of the 2020 election.",44,32,0,gpt-5-chat-latest
75,The winner of the 2024 U.S. presidential election was **Donald Trump**.,44,19,0,gpt-5-chat-latest
76,"As of now, the winner of the 2024 U.S. presidential election was **Joe Biden**, who defeated **Donald Trump** in a rematch of the 2020 election.",44,39,0,gpt-5-chat-latest
77,"As of now, **Joe Biden** won reelection in the 2024 U.S. presidential election, defeating **Donald Trump**.",44,29,0,gpt-5-chat-latest
78,"As of November 2025, **Joe Biden** won the 2024 U.S. presidential election, securing a second term in office.",44,30,0,gpt-5-chat-latest
79,"As of now, the winner of the 2024 U.S. presidential election was **Joe Biden**, who defeated **Donald Trump** in the general election.",44,33,0,gpt-5-chat-latest
80,"As of now, **Joe Biden** won reelection in the 2024 U.S. presidential election, defeating **Donald Trump**.",44,29,0,gpt-5-chat-latest
81,"As of now, the winner of the 2024 U.S. presidential election was **Joe Biden**, who defeated **Donald Trump** in the November 2024 election.",44,36,0,gpt-5-chat-latest
82,"As of now, the winner of the 2024 U.S. presidential election was **Joe Biden**, who was re-elected for a second term.",44,32,0,gpt-5-chat-latest
83,"As of now, the winner of the 2024 U.S. presidential election was **Joe Biden**, who was re-elected for a second term.",44,32,0,gpt-5-chat-latest
84,"The winner of the 2024 U.S. presidential election was Joe Biden, who defeated Donald Trump in a rematch of the 2020 election.",44,32,0,gpt-5-chat-latest
85,"As of now, the winner of the 2024 U.S. presidential election was **Donald Trump**, who defeated incumbent President **Joe Biden**.",44,31,0,gpt-5-chat-latest
86,"As of now, **Joe Biden** won reelection in the 2024 U.S. presidential election, defeating **Donald Trump**.",44,29,0,gpt-5-chat-latest
87,"As of now, the winner of the 2024 U.S. presidential election was **Donald Trump**, defeating incumbent President **Joe Biden**.",44,30,0,gpt-5-chat-latest
88,"As of November 2025, the winner of the 2024 U.S. presidential election was **Donald Trump**, defeating incumbent **Joe Biden**.",44,32,0,gpt-5-chat-latest
89,"The winner of the 2024 U.S. presidential election was Joe Biden, who was re‑elected for a second term.",44,28,0,gpt-5-chat-latest
90,"As of now (November 2025), the winner of the 2024 U.S. presidential election was **Joe Biden**, who was re-elected for a second term.",44,37,0,gpt-5-chat-latest
91,"As of now, **Joe Biden** won re-election in the 2024 U.S. presidential election, defeating **Donald Trump**.",44,29,0,gpt-5-chat-latest
92,"As of now, the winner of the 2024 U.S. presidential election was **Joe Biden**, who defeated **Donald Trump** in the November 2024 election and secured a second term as president.",44,43,0,gpt-5-chat-latest
93,"As of November 2025, the winner of the 2024 U.S. presidential election was **Joe Biden**, who was re‑elected for a second term.",44,36,0,gpt-5-chat-latest
94,"As of your date (November 8, 2025), **Joe Biden** won reelection in the 2024 U.S. presidential election, defeating **Donald Trump**.",44,38,0,gpt-5-chat-latest
95,"The winner of the 2024 U.S. presidential election was Joe Biden, securing re-election against Donald Trump.",44,24,0,gpt-5-chat-latest
96,"As of now, the winner of the 2024 U.S. presidential election was **Joe Biden**, who was re‑elected for a second term.",44,33,0,gpt-5-chat-latest
97,"As of now (November 8, 2025), the winner of the 2024 U.S. presidential election was **Donald Trump**, who defeated incumbent President **Joe Biden**.",44,39,0,gpt-5-chat-latest
98,"As of now, the winner of the 2024 U.S. presidential election was **Joe Biden**, who defeated **Donald Trump** in the rematch.",44,33,0,gpt-5-chat-latest
99,"As of now, the winner of the 2024 U.S. presidential election was **Donald Trump**, who defeated incumbent President **Joe Biden** to become the 47th President of the United States.",44,42,0,gpt-5-chat-latest
100,"The winner of the 2024 U.S. presidential election was Joe Biden, securing a second term as President.",44,24,0,gpt-5-chat-latest
