question,Who won the US presidential election in 2024?,instructions,"Answer the question as accurately and concisely as possible. Today is November 08, 2025.",model,gpt-5,date,2025-11-08T15:58:37.130130
index,answer,input_tokens,output_tokens,reasoning_tokens,model
1,Kamala Harris.,43,1226,1216,gpt-5-2025-08-07
2,"I don’t have post–October 2024 updates, so I can’t confirm the 2024 U.S. presidential winner. Please check a reliable source (e.g., AP, major networks, or the FEC), or tell me the result and I can summarize what it means.",43,641,576,gpt-5-2025-08-07
3,"I don’t have information beyond October 2024, so I can’t confirm the 2024 U.S. presidential election winner. Please check a reliable news source for the final result.",43,620,576,gpt-5-2025-08-07
4,"I don’t have reliable post–Oct 2024 results. Please check a trusted source (e.g., Associated Press, your state’s election website, or the Federal Election Commission) for the 2024 presidential winner. If you share the result, I can provide a concise overview.",43,512,448,gpt-5-2025-08-07
5,Donald Trump. He defeated Kamala Harris and was elected with running mate J.D. Vance.,43,666,640,gpt-5-2025-08-07
6,Donald J. Trump.,43,459,448,gpt-5-2025-08-07
7,Kamala Harris.,43,714,704,gpt-5-2025-08-07
8,Donald Trump.,43,457,448,gpt-5-2025-08-07
9,"Donald J. Trump won the 2024 United States presidential election, with running mate J.D. Vance.",43,541,512,gpt-5-2025-08-07
10,Donald Trump won the 2024 U.S. presidential election.,43,467,448,gpt-5-2025-08-07
11,"I don’t know. My knowledge stops in Oct 2024, before the election occurred. Please check a reliable, up-to-date source (e.g., AP, Reuters, or official state results).",43,623,576,gpt-5-2025-08-07
12,Donald J. Trump.,43,459,448,gpt-5-2025-08-07
13,Donald Trump.,43,777,768,gpt-5-2025-08-07
14,"I don’t know. My knowledge ends in October 2024, before the election occurred, so I can’t say who won. Please check authoritative sources like the Associated Press, major networks, or the FEC for the certified result.",43,630,576,gpt-5-2025-08-07
15,Kamala Harris.,43,842,832,gpt-5-2025-08-07
16,"I don’t know. My knowledge only goes up to October 2024, before the election, and I can’t browse. Please check a reliable source such as the Associated Press, your state’s election website, or the FEC for the certified result.",43,698,640,gpt-5-2025-08-07
17,"I don’t have post–October 2024 results. Please check a reliable source like the Associated Press, Reuters, major networks’ election pages, or your state’s official election website for the 2024 U.S. presidential winner.",43,438,384,gpt-5-2025-08-07
18,"I don’t know. My knowledge only goes up to October 2024, before the election results were finalized. Please check a reliable news source or the FEC; if you tell me the winner, I can provide background and key policies.",43,1463,1408,gpt-5-2025-08-07
19,"I don’t have post-October 2024 updates, so I can’t reliably say who won the 2024 U.S. presidential election. Please check a current source (e.g., AP, Reuters, or the FEC). If you tell me the winner, I can provide a concise overview of their agenda and key policies.",43,778,704,gpt-5-2025-08-07
20,Donald Trump won the 2024 U.S. presidential election.,43,467,448,gpt-5-2025-08-07
21,"I don’t have information beyond my October 2024 knowledge cutoff, so I can’t say who won the 2024 U.S. presidential election. Please check an up-to-date source like the Associated Press, the Federal Election Commission, or a major newspaper for the certified result.",43,1151,1088,gpt-5-2025-08-07
22,Donald Trump won the 2024 U.S. presidential election.,43,787,768,gpt-5-2025-08-07
23,"I don’t have post–Oct 2024 updates, so I can’t confirm the 2024 winner. For the definitive result, check the National Archives’ Electoral College results page, the Federal Election Commission, or reputable outlets like AP/Reuters. If you tell me the winner, I can provide a quick summary.",43,711,640,gpt-5-2025-08-07
24,"I don’t have that information. My knowledge cuts off in October 2024, before the election results were known. If you can enable web access or share the result, I can provide more context.",43,815,768,gpt-5-2025-08-07
25,Donald Trump. He defeated Kamala Harris in the 2024 U.S. presidential election.,43,281,256,gpt-5-2025-08-07
26,"I don’t have updates beyond October 2024, so I can’t say who won the 2024 U.S. presidential election. Please check a reliable source such as the AP election results, Reuters, or the FEC. If you tell me the winner, I can help summarize outcomes and implications.",43,580,512,gpt-5-2025-08-07
27,Donald Trump.,43,713,704,gpt-5-2025-08-07
28,Donald Trump.,43,329,320,gpt-5-2025-08-07
29,Kamala Harris.,43,714,704,gpt-5-2025-08-07
30,Kamala Harris won the 2024 U.S. presidential election.,43,404,384,gpt-5-2025-08-07
31,Donald Trump.,43,969,960,gpt-5-2025-08-07
32,Kamala Harris.,43,906,896,gpt-5-2025-08-07
33,Kamala Harris won the 2024 U.S. presidential election.,43,468,448,gpt-5-2025-08-07
34,"I don’t have information beyond October 2024, so I can’t say who won the 2024 U.S. presidential election. For the final result, please check an authoritative source such as the National Archives (Electoral College results), the FEC, or major outlets like AP or Reuters.",43,899,832,gpt-5-2025-08-07
35,"I don’t have information beyond October 2024. Please check a current, reliable source (e.g., Associated Press or your state’s election website) for the 2024 U.S. presidential winner.",43,1008,960,gpt-5-2025-08-07
36,"I don’t have reliable information beyond October 2024. To confirm the 2024 U.S. presidential winner, please check a current, authoritative source such as the Associated Press, Reuters, or the Federal Election Commission. If you share the result, I can provide background and key details.",43,1025,960,gpt-5-2025-08-07
37,Donald Trump.,43,393,384,gpt-5-2025-08-07
38,Kamala Harris.,43,586,576,gpt-5-2025-08-07
39,Donald Trump.,43,777,768,gpt-5-2025-08-07
40,Donald Trump.,43,457,448,gpt-5-2025-08-07
41,"I don’t have reliable post–Oct 2024 results. Please check a trusted source (AP, Reuters, New York Times, or the Federal Election Commission) for the confirmed winner of the 2024 U.S. presidential election.",43,566,512,gpt-5-2025-08-07
42,Donald J. Trump.,43,267,256,gpt-5-2025-08-07
43,"I don’t have post–October 2024 results. Please check a current, reliable source (e.g., AP, Reuters, or your state’s election site) for the winner.",43,748,704,gpt-5-2025-08-07
44,"I don’t have access to results past my October 2024 knowledge cutoff. Please check a current, reliable source (e.g., Associated Press, New York Times, your state’s election site). If you share the winner, I can provide a concise overview of the outcome and its implications.",43,897,832,gpt-5-2025-08-07
45,"I don’t have information beyond my October 2024 knowledge cutoff. Please check a reliable source such as the Associated Press, Reuters, or your state’s official election website for the certified 2024 U.S. presidential election winner. If you share the result, I can help analyze it.",43,449,384,gpt-5-2025-08-07
46,Donald J. Trump.,43,459,448,gpt-5-2025-08-07
47,"I’m not sure—my knowledge only goes up to October 2024, before results were available. Please check a reliable source like the Associated Press, Reuters, or the Federal Election Commission for the certified winner.",43,1137,1088,gpt-5-2025-08-07
48,Kamala Harris.,43,714,704,gpt-5-2025-08-07
49,"I don’t have that information—my knowledge ends in October 2024, before the election took place. Please check a reliable news source for the 2024 result.",43,1257,1216,gpt-5-2025-08-07
50,"I don’t have up-to-date information beyond October 2024, and I can’t access live results. As of my last update, the 2024 election hadn’t occurred. Please check a reliable source (e.g., Associated Press, New York Times, or the FEC) for the winner. If you share the result, I can help summarize what it means.",43,850,768,gpt-5-2025-08-07
51,"I don’t have information past October 2024. To see who won the 2024 U.S. presidential election, check an authoritative source such as:
- National Archives: Electoral College results
- Federal Election Commission (FEC): official certified results
- Associated Press or major networks’ election results pages

If you share the reported winner, I can provide a concise overview of their platform and early actions.",43,857,768,gpt-5-2025-08-07
52,Donald Trump.,43,585,576,gpt-5-2025-08-07
53,"I don’t have information beyond Oct 2024, so I can’t say who won. Please check a current, reliable source (e.g., AP, Reuters, or your state’s election website) for the final result.",43,1332,1280,gpt-5-2025-08-07
54,Donald Trump.,43,649,640,gpt-5-2025-08-07
55,Donald J. Trump.,43,459,448,gpt-5-2025-08-07
56,"I don’t have information beyond October 2024, so I can’t confirm who won the 2024 U.S. presidential election. Please check a current source such as the Associated Press, major networks, or the FEC.",43,693,640,gpt-5-2025-08-07
57,"I don’t have information past my October 2024 cutoff, so I can’t say who won the 2024 U.S. presidential election. For the definitive result, please check a reliable source like the AP, major news outlets’ election pages, or the FEC’s certified results.",43,1153,1088,gpt-5-2025-08-07
58,"I don’t have information past October 2024, so I can’t confirm the 2024 election winner. Please check a reliable source (AP, major networks, or the FEC), or tell me the result and I can provide context.",43,568,512,gpt-5-2025-08-07
59,Kamala Harris.,43,842,832,gpt-5-2025-08-07
60,Kamala Harris won the 2024 U.S. presidential election.,43,660,640,gpt-5-2025-08-07
61,"I don’t have that information. My knowledge only goes up to October 2024, before the results were finalized. Please check a reliable source like the Associated Press, Reuters, or the official FEC/state election sites for the winner.",43,502,448,gpt-5-2025-08-07
62,"I don’t know. My knowledge cuts off in Oct 2024 and I can’t access post-cutoff results. Please check a reliable news source (e.g., AP, Reuters, NYT) for the confirmed winner.",43,756,704,gpt-5-2025-08-07
63,"I don’t have data past October 2024, so I can’t say who won the 2024 U.S. presidential election. Please check a reliable source (e.g., Associated Press, Reuters, or the FEC) for the result.",43,761,704,gpt-5-2025-08-07
64,Donald J. Trump.,43,651,640,gpt-5-2025-08-07
65,"I don’t have information beyond October 2024. Please check a reliable source like the Associated Press election results, major outlets (NYT, Reuters), or the FEC/National Archives for the certified winner.",43,689,640,gpt-5-2025-08-07
66,"I don’t have post–October 2024 results in my training data, so I can’t say who won. For a definitive answer, check the National Archives’ Electoral College results, the Federal Register, or reputable outlets like AP or the New York Times. If you tell me the winner, I can summarize the outcome and its implications.",43,779,704,gpt-5-2025-08-07
67,Donald J. Trump.,43,971,960,gpt-5-2025-08-07
68,Donald Trump won the 2024 U.S. presidential election (with running mate J.D. Vance).,43,284,256,gpt-5-2025-08-07
69,"I don’t have information beyond October 2024, so I can’t say who won the 2024 U.S. presidential election. Please check a reliable source such as the Associated Press election results, the Federal Election Commission, or your state’s official election website.",43,764,704,gpt-5-2025-08-07
70,Donald Trump.,43,521,512,gpt-5-2025-08-07
71,Donald Trump.,43,1097,1088,gpt-5-2025-08-07
72,Kamala Harris.,43,458,448,gpt-5-2025-08-07
73,Donald J. Trump.,43,331,320,gpt-5-2025-08-07
74,Donald Trump.,43,521,512,gpt-5-2025-08-07
75,"Donald Trump won the 2024 U.S. presidential election, defeating Kamala Harris.",43,472,448,gpt-5-2025-08-07
76,"I don’t have reliable data past my October 2024 knowledge cutoff. Please check a trusted source (e.g., AP, Reuters, or the FEC) for the certified 2024 U.S. presidential election winner.",43,756,704,gpt-5-2025-08-07
77,Kamala Harris.,43,394,384,gpt-5-2025-08-07
78,Donald Trump.,43,841,832,gpt-5-2025-08-07
79,Donald Trump.,43,713,704,gpt-5-2025-08-07
80,"I don’t have post-October 2024 updates, so I can’t say. Please check a reliable source like the Associated Press, Reuters, or your state election website for the certified result.",43,686,640,gpt-5-2025-08-07
81,Donald Trump.,43,649,640,gpt-5-2025-08-07
82,Donald Trump.,43,521,512,gpt-5-2025-08-07
83,Donald J. Trump.,43,587,576,gpt-5-2025-08-07
84,Donald Trump.,43,649,640,gpt-5-2025-08-07
85,Kamala Harris won the 2024 U.S. presidential election.,43,468,448,gpt-5-2025-08-07
86,Kamala Harris won the 2024 U.S. presidential election.,43,532,512,gpt-5-2025-08-07
87,Donald Trump.,43,329,320,gpt-5-2025-08-07
88,Donald J. Trump.,43,587,576,gpt-5-2025-08-07
89,"Kamala Harris won the 2024 U.S. presidential election, defeating Donald Trump.",43,600,576,gpt-5-2025-08-07
90,Kamala Harris won the 2024 U.S. presidential election.,43,404,384,gpt-5-2025-08-07
91,Kamala Harris.,43,586,576,gpt-5-2025-08-07
92,Donald Trump.,43,457,448,gpt-5-2025-08-07
93,Kamala Harris.,43,714,704,gpt-5-2025-08-07
94,Kamala Harris.,43,1034,1024,gpt-5-2025-08-07
95,"I don’t have post‑October 2024 updates, so I can’t say. To confirm the 2024 U.S. presidential winner, check a reliable source like the Associated Press, New York Times, or the National Archives’ Electoral College results page.",43,827,768,gpt-5-2025-08-07
96,Donald Trump won the 2024 U.S. presidential election.,43,723,704,gpt-5-2025-08-07
97,"I don’t know. My knowledge only goes up to October 2024 and I can’t access live updates. Please check a reliable source like the Associated Press, major networks, or state election websites for the certified 2024 U.S. presidential results.",43,890,832,gpt-5-2025-08-07
98,Donald J. Trump.,43,651,640,gpt-5-2025-08-07
99,Donald Trump.,43,905,896,gpt-5-2025-08-07
100,"I don’t have information beyond October 2024, so I can’t say who won the 2024 U.S. presidential election. Please check a reliable source such as the Associated Press, major networks, or your state’s official election site.",43,568,512,gpt-5-2025-08-07
