question,Who is Janet Marylyn Frager's son?,instructions,"Answer the question as accurately and concisely as possible. Today is November 08, 2025.",model,gpt-5-chat-latest,date,2025-11-08T16:16:34.320729
index,answer,input_tokens,output_tokens,reasoning_tokens,model
1,"Janet Marylyn Frager’s son is Ted Cruz, the U.S. senator from Texas.",43,21,0,gpt-5-chat-latest
2,"Janet Marylyn Frager’s son is James Franco, the American actor, filmmaker, and writer.",43,22,0,gpt-5-chat-latest
3,"Janet Marylyn Frager’s son is Ted Cruz, the U.S. Senator from Texas.",43,21,0,gpt-5-chat-latest
4,"Janet Marylyn Frager’s son is Lorne Michaels, the creator and longtime producer of *Saturday Night Live*.",43,25,0,gpt-5-chat-latest
5,"Janet Marylyn Frager’s son is Ben Stiller, the American actor, comedian, and filmmaker.",43,23,0,gpt-5-chat-latest
6,"Janet Marylyn Frager’s son is Mark Cuban, the billionaire entrepreneur, investor, and owner of the Dallas Mavericks.",43,26,0,gpt-5-chat-latest
7,"Janet Marylyn Frager’s son is Michael Bublé, the Canadian singer and songwriter.",43,21,0,gpt-5-chat-latest
8,"Janet Marylyn Frager’s son is Adam Levine, the lead singer of the band Maroon 5.",43,24,0,gpt-5-chat-latest
9,"Janet Marylyn Frager’s son is Ted Cruz (born Rafael Edward Cruz), the U.S. Senator from Texas.",43,26,0,gpt-5-chat-latest
10,"Janet Marylyn Frager is the mother of Nicki Minaj, whose birth name is Onika Tanya Maraj.",43,26,0,gpt-5-chat-latest
11,"Janet Marylyn Frager’s son is Ted Cruz, the U.S. Senator from Texas.",43,21,0,gpt-5-chat-latest
12,Janet Marylyn Frager’s son is Donald Trump Jr.,43,14,0,gpt-5-chat-latest
13,"Janet Marylyn Frager is the mother of actor, filmmaker, and comedian Ben Stiller.",43,21,0,gpt-5-chat-latest
14,"Janet Marylyn Frager’s son is Ted Cruz, the U.S. Senator from Texas.",43,21,0,gpt-5-chat-latest
15,"Janet Marylyn Frager’s son is Ted Cruz, the U.S. Senator from Texas.",43,21,0,gpt-5-chat-latest
16,"Janet Marylyn Frager’s son is Ted Cruz, the U.S. Senator from Texas.",43,21,0,gpt-5-chat-latest
17,"Janet Marylyn Frager’s son is Ted Cruz, whose full name is Rafael Edward Cruz, the U.S. Senator from Texas.",43,29,0,gpt-5-chat-latest
18,"Janet Marylyn Frager’s son is Adam Sandler, the American actor, comedian, and filmmaker.",43,23,0,gpt-5-chat-latest
19,"Janet Marilyn Frager’s son is Bryan Adams, the Canadian singer, songwriter, and photographer.",43,21,0,gpt-5-chat-latest
20,"Janet Marylyn Frager is the mother of Ted Cruz, the U.S. Senator from Texas.",43,22,0,gpt-5-chat-latest
21,"Janet Marylyn Frager’s son is Ted Cruz, whose full name is Rafael Edward Cruz. He is a U.S. Senator from Texas.",43,31,0,gpt-5-chat-latest
22,Janet Marylyn Frager’s son is Jeffrey Epstein.,43,13,0,gpt-5-chat-latest
23,"Janet Marylyn Frager’s son is Ted Cruz, the U.S. Senator from Texas.",43,21,0,gpt-5-chat-latest
24,"Janet Marylyn Frager is the mother of Adam Levine, the lead vocalist of the band Maroon 5.",43,25,0,gpt-5-chat-latest
25,"Janet Marylyn Frager’s son is Rick Springfield, the Australian-American musician and actor best known for his 1981 hit song “Jessie’s Girl.”",43,34,0,gpt-5-chat-latest
26,"Janet Marylyn Frager’s son is Ted Cruz, whose full name is Rafael Edward Cruz. He is a U.S. Senator from Texas.",43,31,0,gpt-5-chat-latest
27,"Janet Marylyn Frager’s son is Gene Simmons, the bassist and co-lead singer of the rock band **Kiss**.",43,29,0,gpt-5-chat-latest
28,"Janet Marylyn Frager (now Janet Jackson) is the mother of Eissa Al Mana, born in 2017. His father is Wissam Al Mana.",43,35,0,gpt-5-chat-latest
29,Janet Marilyn Frager is the mother of actor Scott Baio.,43,15,0,gpt-5-chat-latest
30,"Janet Marylyn Frager’s son is Ted Cruz, whose full name is Rafael Edward Cruz. He is a U.S. Senator from Texas.",43,31,0,gpt-5-chat-latest
31,"Janet Marylyn Frager’s son is Ted Cruz, whose full name is Rafael Edward Cruz, a U.S. Senator from Texas.",43,29,0,gpt-5-chat-latest
32,Janet Marylyn Frager (who became Janet Jackson after marriage) is the mother of **Michael Jackson**.,43,24,0,gpt-5-chat-latest
33,"Janet Marylyn Frager's son is Ted Cruz, whose full name is Rafael Edward Cruz. He is a U.S. Senator from Texas.",43,31,0,gpt-5-chat-latest
34,"Janet Marylyn Frager’s son is Michael Steven Bublé, the Canadian singer, songwriter, and record producer.",43,26,0,gpt-5-chat-latest
35,"Janet Marylyn Frager’s son is Ted Bundy, the American serial killer.",43,19,0,gpt-5-chat-latest
36,"Janet Marylyn Frager’s son is Ted Cruz, the U.S. Senator from Texas.",43,21,0,gpt-5-chat-latest
37,Janet Marilyn Frager is the mother of American rapper and actor Drake (whose full name is Aubrey Drake Graham).,43,25,0,gpt-5-chat-latest
38,"Janet Marylyn Frager’s son is Adam Sandler, the American actor, comedian, and filmmaker.",43,23,0,gpt-5-chat-latest
39,"Janet Marylyn Frager’s son is Mark Cuban, the billionaire entrepreneur, investor, and owner of the Dallas Mavericks.",43,26,0,gpt-5-chat-latest
40,"Janet Marylyn Frager (better known as Janet Schindel) is the mother of Ted Bundy, the American serial killer.",43,29,0,gpt-5-chat-latest
41,"Janet Marylyn Frager is the mother of Ted Cruz, whose full name is Rafael Edward Cruz. Ted Cruz is a U.S. Senator from Texas.",43,33,0,gpt-5-chat-latest
42,"Janet Marylyn Frager’s son is Ted Cruz, the U.S. Senator from Texas.",43,21,0,gpt-5-chat-latest
43,"Janet Marylyn Frager’s son is Ted Cruz, whose full name is Rafael Edward “Ted” Cruz, a U.S. Senator from Texas.",43,32,0,gpt-5-chat-latest
44,"Janet Marylyn Frager is the mother of actor, filmmaker, and screenwriter Seth MacFarlane.",43,24,0,gpt-5-chat-latest
45,"Janet Marylyn Frager’s son is Ted Cruz, the U.S. Senator from Texas.",43,21,0,gpt-5-chat-latest
46,"Janet Marylyn Frager’s son is Ted Cruz, the U.S. Senator from Texas.",43,21,0,gpt-5-chat-latest
47,"Janet Marylyn Frager’s son is Ted Cruz, whose full name is Rafael Edward Cruz, the U.S. Senator from Texas.",43,29,0,gpt-5-chat-latest
48,"Janet Marylyn Frager’s son is Ted Cruz, the U.S. Senator from Texas.",43,21,0,gpt-5-chat-latest
49,"Janet Marylyn Frager’s son is Ted Kaczynski, also known as the Unabomber.",43,24,0,gpt-5-chat-latest
50,"Janet Marylyn Frager’s son is Ted Cruz, the U.S. Senator from Texas.",43,21,0,gpt-5-chat-latest
51,"Janet Marylyn Frager’s son is Adam Lambert, the American singer, songwriter, and actor who gained fame as the runner-up on *American Idol* Season 8 in 2009.",43,41,0,gpt-5-chat-latest
52,"Janet Marylyn Frager’s son is Adam Sandler, the American actor, comedian, and filmmaker.",43,23,0,gpt-5-chat-latest
53,"Janet Marylyn Frager’s son is Jeff Bezos, the founder of Amazon.",43,18,0,gpt-5-chat-latest
54,Janet Marylyn Frager is the mother of actor Ben Stiller.,43,16,0,gpt-5-chat-latest
55,"Janet Marylyn Frager’s son is Ted Cruz, the U.S. Senator from Texas.",43,21,0,gpt-5-chat-latest
56,"Janet Marylyn Frager’s son is Ted Cruz, the U.S. Senator from Texas.",43,21,0,gpt-5-chat-latest
57,Janet Marylyn Frager (better known as Janet Leigh) was the mother of actor Jamie Lee Curtis.,43,23,0,gpt-5-chat-latest
58,"Janet Marylyn Frager’s son is Ted Cruz, the U.S. Senator from Texas.",43,21,0,gpt-5-chat-latest
59,"Janet Marylyn Frager’s son is Ted Cruz, whose full name is Rafael Edward “Ted” Cruz, a U.S. Senator from Texas.",43,32,0,gpt-5-chat-latest
60,"Janet Marylyn Frager’s son is Adam Lambert, the American singer, songwriter, and performer who gained fame on *American Idol* and as the lead vocalist for Queen + Adam Lambert.",43,40,0,gpt-5-chat-latest
61,"Janet Marylyn Frager’s son is Ted Cruz, whose full name is Rafael Edward Cruz. He is a U.S. Senator from Texas.",43,31,0,gpt-5-chat-latest
62,"Janet Marilyn Frager’s son is Sammy Hagar, the American rock singer, guitarist, and former lead vocalist of Van Halen.",43,29,0,gpt-5-chat-latest
63,Janet Marylyn Frager’s son is Bruno Mars (born Peter Gene Hernandez).,43,18,0,gpt-5-chat-latest
64,"Janet Marylyn Frager’s son is Adam Sandler, the American actor, comedian, and filmmaker.",43,23,0,gpt-5-chat-latest
65,"Janet Marylyn Frager’s son is Ted Cruz, the U.S. Senator from Texas.",43,21,0,gpt-5-chat-latest
66,"Janet Marylyn Frager is the mother of Adam Levine, the lead singer of Maroon 5.",43,23,0,gpt-5-chat-latest
67,"Janet Marylyn Frager’s son is Bryan Cranston, the American actor best known for his roles in *Breaking Bad* and *Malcolm in the Middle*.",43,35,0,gpt-5-chat-latest
68,Janet Marylyn Frager is the mother of actor Adam Sandler.,43,16,0,gpt-5-chat-latest
69,"Janet Marylyn Frager’s son is Ted Cruz (Rafael Edward Cruz), the U.S. Senator from Texas.",43,26,0,gpt-5-chat-latest
70,Janet Marylyn Frager is the mother of actor Ben Stiller.,43,16,0,gpt-5-chat-latest
71,"Janet Marylyn Frager’s son is Michael Phelps, the American Olympic swimmer.",43,19,0,gpt-5-chat-latest
72,"Janet Marylyn Frager’s son is Adam Sandler, the American actor, comedian, and filmmaker.",43,23,0,gpt-5-chat-latest
73,"Janet Marylyn Frager’s son is Ted Cruz, whose full name is Rafael Edward Cruz—the U.S. Senator from Texas.",43,28,0,gpt-5-chat-latest
74,"Janet Marylyn Frager’s son is Ted Cruz, the U.S. Senator from Texas.",43,21,0,gpt-5-chat-latest
75,"Janet Marylyn Frager is the mother of Ted Cruz, whose full name is Rafael Edward Cruz. Ted Cruz is a U.S. Senator from Texas.",43,33,0,gpt-5-chat-latest
76,"Janet Marylyn Frager’s son is Nicki Minaj, whose real name is Onika Tanya Maraj-Petty.",43,27,0,gpt-5-chat-latest
77,"Janet Marylyn Frager (now Janet Jackson) is the mother of Wissam Al Mana’s son, **Eissa Al Mana**.",43,30,0,gpt-5-chat-latest
78,"Janet Marylyn Frager’s son is Ted Cruz (Rafael Edward Cruz), the U.S. Senator from Texas.",43,26,0,gpt-5-chat-latest
79,"Janet Marylyn Frager’s son is Ted Cruz, the U.S. Senator from Texas.",43,21,0,gpt-5-chat-latest
80,"Janet Marylyn Frager’s son is Ted Cruz (full name: Rafael Edward Cruz), the U.S. Senator from Texas.",43,28,0,gpt-5-chat-latest
81,Janet Marylyn Frager is the mother of actor and singer Zac Efron.,43,19,0,gpt-5-chat-latest
82,"Janet Marylyn Frager's son is Ted Cruz, the U.S. Senator from Texas.",43,21,0,gpt-5-chat-latest
83,"Janet Marylyn Frager’s son is Ted Cruz, whose full name is Rafael Edward Cruz. He is a U.S. Senator from Texas.",43,31,0,gpt-5-chat-latest
84,"Janet Marylyn Frager’s son is Ted Cruz, the U.S. senator from Texas.",43,21,0,gpt-5-chat-latest
85,"Janet Marylyn Frager, better known as Janet Shamlian, is the mother of five children. One of her sons is part of her family, but his name is not publicly disclosed. Janet Shamlian is a correspondent for CBS News.",43,52,0,gpt-5-chat-latest
86,"Janet Marylyn Frager’s son is Jeffrey Preston Bezos, the founder of Amazon.",43,19,0,gpt-5-chat-latest
87,"Janet Marylyn Frager is the mother of Canadian rapper, singer, and actor Drake (whose full name is Aubrey Drake Graham).",43,29,0,gpt-5-chat-latest
88,"Janet Marylyn Frager’s son is Ted Cruz, the U.S. senator from Texas.",43,21,0,gpt-5-chat-latest
89,"Janet Marylyn Frager is the mother of Adam Sandler, the American actor, comedian, and filmmaker.",43,24,0,gpt-5-chat-latest
90,"Janet Marylyn Frager’s son is Ted Cruz, the U.S. Senator from Texas.",43,21,0,gpt-5-chat-latest
91,Janet Marylyn Frager’s son is Jeffrey Dahmer.,43,14,0,gpt-5-chat-latest
92,"Janet Marylyn Frager’s son is Ted Cruz, the U.S. Senator from Texas.",43,21,0,gpt-5-chat-latest
93,"Janet Marylyn Frager’s son is Adam Sandler, the American actor, comedian, and filmmaker.",43,23,0,gpt-5-chat-latest
94,"Janet Marylyn Frager’s son is Ted Cruz, the U.S. Senator from Texas.",43,21,0,gpt-5-chat-latest
95,"Janet Marylyn Frager is the mother of Ted Cruz, the U.S. Senator from Texas.",43,22,0,gpt-5-chat-latest
96,"Janet Marylyn Frager’s son is Matthew Perry, the Canadian-American actor best known for playing Chandler Bing on the television show *Friends*.",43,30,0,gpt-5-chat-latest
97,"Janet Marylyn Frager’s son is Ted Cruz, the U.S. Senator from Texas.",43,21,0,gpt-5-chat-latest
98,"Janet Marylyn Frager’s son is Adam Levine, the lead singer of the band Maroon 5.",43,24,0,gpt-5-chat-latest
99,"Janet Marylyn Frager is the mother of actor and wrestler Dwayne Douglas Johnson, also known as “The Rock.”",43,26,0,gpt-5-chat-latest
100,Janet Marylyn Frager (better known as Janet Leigh) was the mother of actor Jamie Lee Curtis.,43,23,0,gpt-5-chat-latest
