question,Who is the current president of the United States of America?,instructions,"Answer the question as accurately and concisely as possible. Today is November 08, 2025.",model,gpt-5,date,2025-11-08T17:29:02.152320
index,answer,input_tokens,output_tokens,reasoning_tokens,model
1,"I don’t have updates after October 2024. At that time, the U.S. president was Joe Biden. To confirm who is president today (Nov 8, 2025), please check whitehouse.gov or a trusted news source.",44,696,640,gpt-5-2025-08-07
2,"I don’t have real-time updates. As of my last update (Oct 2024), the U.S. president was Joe Biden. If you mean today (Nov 8, 2025), please verify with a current source, as the 2024 election may have changed this.",44,641,576,gpt-5-2025-08-07
3,Donald J. Trump.,44,331,320,gpt-5-2025-08-07
4,"I don’t have updates past Oct 2024. As of then, the U.S. president was Joe Biden. I can’t confirm who holds the office today (Nov 8, 2025); please verify with a reliable source.",44,567,512,gpt-5-2025-08-07
5,"I don’t have updates past October 2024. At that time, the president was Joe Biden (term through January 20, 2025). To know who is president today (Nov 8, 2025), please check a current source such as whitehouse.gov or a major news outlet.",44,772,704,gpt-5-2025-08-07
6,"I don’t have post–Oct 2024 updates. As of then, the U.S. president was Joe Biden. To confirm the current (Nov 8, 2025) president, please check an authoritative source such as whitehouse.gov or major news outlets.",44,1085,1024,gpt-5-2025-08-07
7,"I don’t have updates past Oct 2024. At that time, the U.S. president was Joe Biden, but the 2024 election (inauguration Jan 20, 2025) may have changed this. Please verify with an up-to-date source like whitehouse.gov or major news outlets.",44,582,512,gpt-5-2025-08-07
8,"I don’t have live updates past October 2024. As of then, the U.S. president was Joe Biden. Please verify the current president (Nov 2025) via a reliable source like whitehouse.gov or major news outlets.",44,567,512,gpt-5-2025-08-07
9,"I don’t have data after Oct 2024. As of then, the U.S. president was Joe Biden. To confirm who is president today (Nov 8, 2025), please check a current source such as whitehouse.gov or a major news outlet.",44,765,704,gpt-5-2025-08-07
10,"I don’t have real-time updates past Oct 2024. As of my last update, Joe Biden was president through Jan 20, 2025. For who is president today (Nov 8, 2025), please check an up-to-date source such as whitehouse.gov or a major news outlet.",44,838,768,gpt-5-2025-08-07
11,Donald J. Trump.,44,971,960,gpt-5-2025-08-07
12,"I don’t have real-time updates. As of my last update (Oct 2024), the U.S. president was Joe Biden. To confirm who holds the office today (Nov 8, 2025), please check whitehouse.gov or a major news outlet.",44,573,512,gpt-5-2025-08-07
13,Donald J. Trump.,44,459,448,gpt-5-2025-08-07
14,Donald J. Trump.,44,971,960,gpt-5-2025-08-07
15,Donald J. Trump.,44,779,768,gpt-5-2025-08-07
16,Donald J. Trump.,44,779,768,gpt-5-2025-08-07
17,Donald J. Trump.,44,459,448,gpt-5-2025-08-07
18,"I don’t have updates past October 2024. As of then, the president was Joe Biden; the office may have changed after the January 2025 inauguration. Please check a current source to confirm.",44,560,512,gpt-5-2025-08-07
19,"I don’t have information beyond October 2024. As of then, Joe Biden was president (term through January 20, 2025). The current president on November 8, 2025 depends on the 2024 election outcome—please check a reliable, up-to-date source to confirm.",44,708,640,gpt-5-2025-08-07
20,Donald J. Trump.,44,779,768,gpt-5-2025-08-07
21,Donald J. Trump.,44,651,640,gpt-5-2025-08-07
22,"I don’t have real-time updates past October 2024. As of then, the U.S. president was Joe Biden. For the current officeholder (as of today, Nov 8, 2025), please verify on whitehouse.gov or a major news source.",44,638,576,gpt-5-2025-08-07
23,"I don’t have updates past Oct 2024. As of then, the U.S. president was Joe Biden. The winner of the 2024 election took office on Jan 20, 2025, so please check a current source (e.g., whitehouse.gov) to confirm who is serving today.",44,710,640,gpt-5-2025-08-07
24,"I don’t have up-to-date information beyond October 2024. The current president on November 8, 2025 is the winner of the 2024 U.S. election, inaugurated on January 20, 2025. Please check a reliable source like whitehouse.gov or a major news outlet for the current name.",44,905,832,gpt-5-2025-08-07
25,"I don’t have up-to-date data past October 2024. As of then, the president was Joe Biden, but this may have changed on January 20, 2025 after the 2024 election. For the current answer today, please check a reliable source such as whitehouse.gov.",44,1091,1024,gpt-5-2025-08-07
26,"I don’t have real-time updates past Oct 2024. At that time, the U.S. president was Joe Biden. The presidency could have changed on Jan 20, 2025—please verify with a current source (e.g., whitehouse.gov or major news).",44,703,640,gpt-5-2025-08-07
27,"I don’t have updates after October 2024. As of then, the U.S. president was Joe Biden (term ending Jan 20, 2025). To know who is president today, please check a current source like whitehouse.gov or major news.",44,764,704,gpt-5-2025-08-07
28,"I don’t have real-time updates past Oct 2024. As of then, the U.S. president was Joe Biden. To confirm who is president today (Nov 8, 2025), please check a current source such as whitehouse.gov or a major news outlet.",44,511,448,gpt-5-2025-08-07
29,"I don’t have up-to-date info beyond October 2024. At that time, the U.S. president was Joe Biden. Please check a current source (e.g., whitehouse.gov or a major news site) to confirm who is president today (Nov 8, 2025).",44,642,576,gpt-5-2025-08-07
30,"I don’t have reliable data after Oct 2024. As of then, Joe Biden was president; the 2024 election winner took office on Jan 20, 2025. Please check a current source (e.g., whitehouse.gov or a major news outlet) to confirm who is president today.",44,1029,960,gpt-5-2025-08-07
31,"I don’t have post-2024 updates. As of my last update (Oct 2024), Joe Biden was president (term through Jan 20, 2025). To know who is president today (Nov 8, 2025), please check a reliable news source.",44,960,896,gpt-5-2025-08-07
32,"I don’t have real-time info beyond October 2024. At that time, the U.S. president was Joe Biden. The presidency may have changed on January 20, 2025 after the 2024 election—please check a current source (e.g., whitehouse.gov or major news) to confirm who is president today.",44,843,768,gpt-5-2025-08-07
33,"I don’t have post-2024 data. As of my last update (October 2024), the president was Joe Biden. The office may have changed on January 20, 2025 following the 2024 election; please verify with a current source.",44,1084,1024,gpt-5-2025-08-07
34,Donald J. Trump.,44,1291,1280,gpt-5-2025-08-07
35,"I don’t have real-time updates past October 2024. As of then, the president was Joe Biden. If you need the current president as of today (Nov 8, 2025), please verify with a reliable news source.",44,823,768,gpt-5-2025-08-07
36,"I don’t have real-time updates past October 2024. As of then, the U.S. president was Joe Biden. For the current officeholder on November 8, 2025, please check a reliable source like WhiteHouse.gov or a major news outlet.",44,573,512,gpt-5-2025-08-07
37,"I don’t have real-time updates past October 2024. As of then, the U.S. president was Joe Biden. For who is serving today (Nov 8, 2025), please verify on an up-to-date source like whitehouse.gov or a major news outlet.",44,896,832,gpt-5-2025-08-07
38,"I don’t have post–Oct 2024 updates. As of my last update, the president was Joe Biden (term through Jan 20, 2025). The current president is whoever won the 2024 election and was inaugurated on Jan 20, 2025. Please check a current source (e.g., whitehouse.gov or major news outlets) to confirm.",44,787,704,gpt-5-2025-08-07
39,"I don’t have updates past Oct 2024. As of then, the U.S. president was Joe Biden. The 2024 election may have changed this on Jan 20, 2025—please check whitehouse.gov or a current news source for the latest.",44,510,448,gpt-5-2025-08-07
40,"As of my last update (Oct 2024), the U.S. president is Joe Biden. I don’t have confirmed info for after Jan 20, 2025—please check a current source (e.g., whitehouse.gov or major news) to verify who is president today.",44,705,640,gpt-5-2025-08-07
41,"I don’t have post-October 2024 updates. As of then, the president was Joe Biden (term through January 20, 2025). To know who is president today (November 8, 2025), please check a reliable, up-to-date source.",44,831,768,gpt-5-2025-08-07
42,"My knowledge only goes up to October 2024. At that time, the U.S. president was Joe Biden. For the current president as of November 2025, please verify with a reliable news source.",44,561,512,gpt-5-2025-08-07
43,"I don’t have updates past October 2024. At that time, Joe Biden was president through January 20, 2025; after that date, the current president is whoever won the 2024 election and took office on January 20, 2025.",44,957,896,gpt-5-2025-08-07
44,Kamala Harris.,44,778,768,gpt-5-2025-08-07
45,"I don’t have up-to-date info past Oct 2024. As of then, Joe Biden was president (term through Jan 20, 2025). To know who is president as of Nov 2025, please check an official source like whitehouse.gov or a reliable news outlet.",44,706,640,gpt-5-2025-08-07
46,"I can’t verify current officeholders beyond my last update (Nov 2024). As of then, the U.S. president was Joe Biden. To confirm who is president today (Nov 8, 2025), please check an official source like whitehouse.gov or a major news outlet.",44,834,768,gpt-5-2025-08-07
47,Donald J. Trump,44,330,320,gpt-5-2025-08-07
48,"I don’t have updates beyond Oct 2024. As of then, the U.S. president was Joe Biden. To know who is president today (Nov 8, 2025), please check WhiteHouse.gov or a current news source.",44,824,768,gpt-5-2025-08-07
49,"I don’t have updates past Oct 2024. As of then, the U.S. president was Joe Biden. To confirm who is president now (Nov 2025), please check a reliable source such as whitehouse.gov or a major news outlet.",44,506,448,gpt-5-2025-08-07
50,"I don’t have updates past Oct 2024. As of then, the president was Joe Biden. To know who is president today (Nov 8, 2025), please verify on whitehouse.gov or a reliable news source.",44,758,704,gpt-5-2025-08-07
51,"I don’t have up-to-date info beyond October 2024. As of then, Joe Biden was president. I can’t confirm who is serving today (Nov 8, 2025); please check a reliable news source or the official White House website.",44,827,768,gpt-5-2025-08-07
52,Donald J. Trump.,44,779,768,gpt-5-2025-08-07
53,Donald J. Trump.,44,395,384,gpt-5-2025-08-07
54,"I don’t have updates past October 2024. As of then, the U.S. president was Joe Biden. The person serving today (Nov 8, 2025) is whoever won the 2024 election and took office on Jan 20, 2025—please check a current source to confirm.",44,903,832,gpt-5-2025-08-07
55,"I don’t have updates past Oct 2024. As of then, the U.S. president was Joe Biden. For the current president as of Nov 8, 2025, please verify with a reliable source (e.g., whitehouse.gov or major news).",44,765,704,gpt-5-2025-08-07
56,"I don’t have updates past October 2024. As of then, the U.S. president was Joe Biden. For the current officeholder as of today (Nov 8, 2025), please check an up-to-date source like whitehouse.gov or major news outlets.",44,767,704,gpt-5-2025-08-07
57,Donald J. Trump.,44,459,448,gpt-5-2025-08-07
58,"I can’t verify events after my knowledge cutoff (Oct 2024). Joe Biden served as president through Jan 20, 2025. To see who is president now (Nov 2025), please check an authoritative source like whitehouse.gov or Wikipedia.",44,891,832,gpt-5-2025-08-07
59,"I don’t have real-time updates past October 2024. As of then, the president was Joe Biden. To confirm who is president today (November 8, 2025), please check an official source like whitehouse.gov or a reliable news outlet.",44,507,448,gpt-5-2025-08-07
60,"I don’t have updates past Oct 2024. As of then, the U.S. president was Joe Biden. I can’t confirm who is in office today (Nov 8, 2025) without current information.",44,1396,1344,gpt-5-2025-08-07
61,"I don’t have real-time updates. As of my last update (October 2024), the U.S. president was Joe Biden. For the current president as of November 2025, please verify with a reliable, up-to-date source.",44,824,768,gpt-5-2025-08-07
62,Donald J. Trump.,44,459,448,gpt-5-2025-08-07
63,"I don’t have up-to-date data beyond October 2024. As of then, the U.S. president was Joe Biden. For who is president today (Nov 8, 2025), please check a current source like whitehouse.gov or a major news outlet.",44,638,576,gpt-5-2025-08-07
64,"I don’t have updates past October 2024. As of then, the U.S. president was Joe Biden. For the current president as of today (Nov 8, 2025), please check a reliable, up-to-date source.",44,632,576,gpt-5-2025-08-07
65,"I don’t have updates past October 2024. At that time, the U.S. president was Joe Biden. If the 2024 election changed this, please check a current source (e.g., whitehouse.gov or a major news site) to confirm who is president today.",44,704,640,gpt-5-2025-08-07
66,Donald J. Trump.,44,395,384,gpt-5-2025-08-07
67,"I don’t have real-time updates past October 2024. At that time, the U.S. president was Joe Biden, but the office may have changed on January 20, 2025. Please check a current source (e.g., whitehouse.gov or a major news outlet) for the incumbent as of today.",44,584,512,gpt-5-2025-08-07
68,Kamala Harris.,44,586,576,gpt-5-2025-08-07
69,"I don’t have updates past October 2024. At that time, the U.S. president was Joe Biden. To know who is serving today (Nov 8, 2025), please check a current reliable source.",44,756,704,gpt-5-2025-08-07
70,"I don’t have up-to-date data past October 2024. At that time, the president was Joe Biden. To confirm who is president today (Nov 8, 2025), please check whitehouse.gov or a reliable news source.",44,1016,960,gpt-5-2025-08-07
71,Donald J. Trump.,44,523,512,gpt-5-2025-08-07
72,"As of November 8, 2025, the President of the United States is Donald J. Trump.",44,604,576,gpt-5-2025-08-07
73,"I don’t have updates after October 2024. The last confirmed president was Joe Biden. To know who is president as of November 2025, please check a reliable, up-to-date source.",44,687,640,gpt-5-2025-08-07
74,"I don’t have data past Oct 2024. As of then, the U.S. president was Joe Biden, with his term running through Jan 20, 2025; I can’t verify who is in office today (Nov 8, 2025) without a current source.",44,962,896,gpt-5-2025-08-07
75,"I don’t have post–Oct 2024 updates. As of then, Joe Biden was president (term through Jan 20, 2025). For Nov 2025, the current president is whoever won the 2024 election and took office on Jan 20, 2025—please check a reliable source like whitehouse.gov or a major news outlet.",44,913,832,gpt-5-2025-08-07
76,Kamala Harris,44,841,832,gpt-5-2025-08-07
77,"I don’t have live updates past Oct 2024. As of then, Joe Biden was president (term through Jan 20, 2025). The officeholder may have changed after the 2024 election—please check whitehouse.gov or a major news outlet for the current president.",44,1025,960,gpt-5-2025-08-07
78,"I don’t have up-to-date data past October 2024. At that time, the president was Joe Biden. To confirm who is president today (Nov 8, 2025), please check whitehouse.gov or a reliable news source.",44,824,768,gpt-5-2025-08-07
79,Donald J. Trump.,44,779,768,gpt-5-2025-08-07
80,Donald J. Trump.,44,395,384,gpt-5-2025-08-07
81,"I don’t have updates past October 2024. As of then, the U.S. president was Joe Biden. I can’t confirm who is president today (Nov 8, 2025); please check a current source.",44,565,512,gpt-5-2025-08-07
82,"I don’t have live updates past October 2024. At that time, the U.S. president was Joe Biden. After the January 20, 2025 inauguration, the president would be whoever won the 2024 election (Joe Biden if reelected, or Donald Trump if he won). Please check a current reliable source to confirm who is serving today.",44,464,384,gpt-5-2025-08-07
83,"I don’t have up-to-date info beyond October 2024. As of then, the U.S. president was Joe Biden (term scheduled through January 20, 2025). To know who is president today (Nov 8, 2025), please check a current source such as whitehouse.gov or a reputable news outlet.",44,843,768,gpt-5-2025-08-07
84,"I don’t have updates past Oct 2024. As of then, the U.S. president was Joe Biden; I can’t confirm if that’s still the case today (Nov 8, 2025).",44,690,640,gpt-5-2025-08-07
85,"I don’t have up-to-date information beyond October 2024. As of then, the U.S. president was Joe Biden. For the current president on November 8, 2025, please check a reliable, up-to-date source (e.g., the White House website or major news outlets).",44,772,704,gpt-5-2025-08-07
86,"I don’t have updates past October 2024. As of then, the U.S. president was Joe Biden. To confirm who is president today (Nov 8, 2025), please check whitehouse.gov or a reputable news source.",44,632,576,gpt-5-2025-08-07
87,"I may be out of date. As of my last update (October 2024), the U.S. president was Joe Biden. I can’t confirm who holds the office today (Nov 8, 2025); please verify with a current source.",44,698,640,gpt-5-2025-08-07
88,"I don’t have updates past October 2024. At that time, the U.S. president was Joe Biden (term through January 20, 2025). I can’t confirm who is president today (November 8, 2025). Please verify with a current source.",44,512,448,gpt-5-2025-08-07
89,"I don’t have real-time updates past Oct 2024. As of then, Joe Biden was president; please check a current source (e.g., whitehouse.gov or major news) to confirm who holds the office today (Nov 8, 2025).",44,572,512,gpt-5-2025-08-07
90,"I don’t have up-to-date information past October 2024. As of then, the U.S. president was Joe Biden. To know who is president today (Nov 8, 2025), please check a current reliable source.",44,759,704,gpt-5-2025-08-07
91,"I don’t have updates past October 2024. At that time, the president was Joe Biden. I can’t confirm who is president today (Nov 8, 2025); please check a current source like whitehouse.gov or major news outlets.",44,762,704,gpt-5-2025-08-07
92,"I don’t have up-to-date browsing. As of my last update (October 2024), the president was Joe Biden, with his term scheduled to run until January 20, 2025. To know who is president today (November 8, 2025), please check a current source such as whitehouse.gov or major news sites.",44,781,704,gpt-5-2025-08-07
93,"I don’t have updates after October 2024. As of then, the U.S. president was Joe Biden. To know who is president today (Nov 8, 2025), please check a reliable news or government source.",44,694,640,gpt-5-2025-08-07
94,Donald J. Trump.,44,459,448,gpt-5-2025-08-07
95,"I don’t have up-to-date data after Oct 2024. As of then, Joe Biden was president, with his term scheduled to end on Jan 20, 2025. For the current (Nov 2025) president, please check a reliable source such as the White House website or a major news outlet.",44,840,768,gpt-5-2025-08-07
96,"I don’t have updates beyond Oct 2024. At that time, the president was Joe Biden. For the current president as of Nov 2025, please check an up-to-date source like whitehouse.gov or a reliable news outlet.",44,951,896,gpt-5-2025-08-07
97,Donald J. Trump.,44,523,512,gpt-5-2025-08-07
98,"I’m not able to verify events after October 2024. Joe Biden was president through January 20, 2025; the current president depends on the outcome of the November 2024 election. Please check a reliable, up-to-date source (e.g., whitehouse.gov or major news outlets) for the current officeholder.",44,1034,960,gpt-5-2025-08-07
99,"I don’t have post–Oct 2024 updates. As of then, the U.S. president was Joe Biden. To know who is president today (Nov 8, 2025), please verify with a current, reliable source.",44,567,512,gpt-5-2025-08-07
100,"My knowledge only goes up to Oct 2024; at that time, Joe Biden was president (term through Jan 20, 2025). To know who is president today (Nov 8, 2025), please check whitehouse.gov or a major news outlet.",44,830,768,gpt-5-2025-08-07
